system:index,NDVI_mean,NDVI_stdDev,date,feature_id,.geo
00000000000000000000_20200105T112349_20200105T112437_T29SNC,0.6668642638152255,0.0883193439045352,2020-01-05,,"{""type"":""Polygon"",""coordinates"":[[[-8.260275113221228,37.999736828597236],[-8.260016476637192,37.99842137773497],[-8.259766773810266,37.99835895891955],[-8.256244058740004,37.999081329144566],[-8.2560211658702,37.99916161717505],[-8.252244277662427,37.99998649534219],[-8.252538614885793,38.00135103401573],[-8.256346656470892,38.00053944835966],[-8.260275113221228,37.999736828597236]]]}"
00000000000000000000_20200110T112431_20200110T112436_T29SNC,0.6737180764293089,0.08699538022594283,2020-01-10,,"{""type"":""Polygon"",""coordinates"":[[[-8.260275113221228,37.999736828597236],[-8.260016476637192,37.99842137773497],[-8.259766773810266,37.99835895891955],[-8.256244058740004,37.999081329144566],[-8.2560211658702,37.99916161717505],[-8.252244277662427,37.99998649534219],[-8.252538614885793,38.00135103401573],[-8.256346656470892,38.00053944835966],[-8.260275113221228,37.999736828597236]]]}"
00000000000000000000_20200120T112401_20200120T112435_T29SNC,0.6734861103059675,0.08983096362694241,2020-01-20,,"{""type"":""Polygon"",""coordinates"":[[[-8.260275113221228,37.999736828597236],[-8.260016476637192,37.99842137773497],[-8.259766773810266,37.99835895891955],[-8.256244058740004,37.999081329144566],[-8.2560211658702,37.99916161717505],[-8.252244277662427,37.99998649534219],[-8.252538614885793,38.00135103401573],[-8.256346656470892,38.00053944835966],[-8.260275113221228,37.999736828597236]]]}"
00000000000000000000_20200219T112111_20200219T112435_T29SNC,0.6974865846916324,0.07986645834667307,2020-02-19,,"{""type"":""Polygon"",""coordinates"":[[[-8.260275113221228,37.999736828597236],[-8.260016476637192,37.99842137773497],[-8.259766773810266,37.99835895891955],[-8.256244058740004,37.999081329144566],[-8.2560211658702,37.99916161717505],[-8.252244277662427,37.99998649534219],[-8.252538614885793,38.00135103401573],[-8.256346656470892,38.00053944835966],[-8.260275113221228,37.999736828597236]]]}"
00000000000000000000_20200224T112109_20200224T112421_T29SNC,0.7000430862510383,0.07655880097415618,2020-02-24,,"{""type"":""Polygon"",""coordinates"":[[[-8.260275113221228,37.999736828597236],[-8.260016476637192,37.99842137773497],[-8.259766773810266,37.99835895891955],[-8.256244058740004,37.999081329144566],[-8.2560211658702,37.99916161717505],[-8.252244277662427,37.99998649534219],[-8.252538614885793,38.00135103401573],[-8.256346656470892,38.00053944835966],[-8.260275113221228,37.999736828597236]]]}"
00000000000000000000_20200310T112111_20200310T112439_T29SNC,0.59906175301268,0.1029109131725011,2020-03-10,,"{""type"":""Polygon"",""coordinates"":[[[-8.260275113221228,37.999736828597236],[-8.260016476637192,37.99842137773497],[-8.259766773810266,37.99835895891955],[-8.256244058740004,37.999081329144566],[-8.2560211658702,37.99916161717505],[-8.252244277662427,37.99998649534219],[-8.252538614885793,38.00135103401573],[-8.256346656470892,38.00053944835966],[-8.260275113221228,37.999736828597236]]]}"
00000000000000000000_20200315T112109_20200315T112755_T29SNC,0.5785749921433989,0.08639898231850052,2020-03-15,,"{""type"":""Polygon"",""coordinates"":[[[-8.260275113221228,37.999736828597236],[-8.260016476637192,37.99842137773497],[-8.259766773810266,37.99835895891955],[-8.256244058740004,37.999081329144566],[-8.2560211658702,37.99916161717505],[-8.252244277662427,37.99998649534219],[-8.252538614885793,38.00135103401573],[-8.256346656470892,38.00053944835966],[-8.260275113221228,37.999736828597236]]]}"
00000000000000000000_20200325T112109_20200325T112516_T29SNC,0.5688386739983741,0.06910878113545593,2020-03-25,,"{""type"":""Polygon"",""coordinates"":[[[-8.260275113221228,37.999736828597236],[-8.260016476637192,37.99842137773497],[-8.259766773810266,37.99835895891955],[-8.256244058740004,37.999081329144566],[-8.2560211658702,37.99916161717505],[-8.252244277662427,37.99998649534219],[-8.252538614885793,38.00135103401573],[-8.256346656470892,38.00053944835966],[-8.260275113221228,37.999736828597236]]]}"
00000000000000000000_20200524T112119_20200524T112114_T29SNC,0.26540968661496844,0.08073046372308484,2020-05-24,,"{""type"":""Polygon"",""coordinates"":[[[-8.260275113221228,37.999736828597236],[-8.260016476637192,37.99842137773497],[-8.259766773810266,37.99835895891955],[-8.256244058740004,37.999081329144566],[-8.2560211658702,37.99916161717505],[-8.252244277662427,37.99998649534219],[-8.252538614885793,38.00135103401573],[-8.256346656470892,38.00053944835966],[-8.260275113221228,37.999736828597236]]]}"
00000000000000000000_20200529T112121_20200529T113043_T29SNC,0.2627713529210833,0.08013484654949665,2020-05-29,,"{""type"":""Polygon"",""coordinates"":[[[-8.260275113221228,37.999736828597236],[-8.260016476637192,37.99842137773497],[-8.259766773810266,37.99835895891955],[-8.256244058740004,37.999081329144566],[-8.2560211658702,37.99916161717505],[-8.252244277662427,37.99998649534219],[-8.252538614885793,38.00135103401573],[-8.256346656470892,38.00053944835966],[-8.260275113221228,37.999736828597236]]]}"
00000000000000000000_20200603T112119_20200603T112658_T29SNC,0.2432512310974802,0.07698683814416192,2020-06-03,,"{""type"":""Polygon"",""coordinates"":[[[-8.260275113221228,37.999736828597236],[-8.260016476637192,37.99842137773497],[-8.259766773810266,37.99835895891955],[-8.256244058740004,37.999081329144566],[-8.2560211658702,37.99916161717505],[-8.252244277662427,37.99998649534219],[-8.252538614885793,38.00135103401573],[-8.256346656470892,38.00053944835966],[-8.260275113221228,37.999736828597236]]]}"
00000000000000000000_20200608T112121_20200608T112449_T29SNC,0.28539297745845776,0.08236327060480958,2020-06-08,,"{""type"":""Polygon"",""coordinates"":[[[-8.260275113221228,37.999736828597236],[-8.260016476637192,37.99842137773497],[-8.259766773810266,37.99835895891955],[-8.256244058740004,37.999081329144566],[-8.2560211658702,37.99916161717505],[-8.252244277662427,37.99998649534219],[-8.252538614885793,38.00135103401573],[-8.256346656470892,38.00053944835966],[-8.260275113221228,37.999736828597236]]]}"
00000000000000000000_20200618T112121_20200618T112536_T29SNC,0.266940971567112,0.08012603947022877,2020-06-18,,"{""type"":""Polygon"",""coordinates"":[[[-8.260275113221228,37.999736828597236],[-8.260016476637192,37.99842137773497],[-8.259766773810266,37.99835895891955],[-8.256244058740004,37.999081329144566],[-8.2560211658702,37.99916161717505],[-8.252244277662427,37.99998649534219],[-8.252538614885793,38.00135103401573],[-8.256346656470892,38.00053944835966],[-8.260275113221228,37.999736828597236]]]}"
00000000000000000000_20200623T112119_20200623T112637_T29SNC,0.2533328900674896,0.07698674191936043,2020-06-23,,"{""type"":""Polygon"",""coordinates"":[[[-8.260275113221228,37.999736828597236],[-8.260016476637192,37.99842137773497],[-8.259766773810266,37.99835895891955],[-8.256244058740004,37.999081329144566],[-8.2560211658702,37.99916161717505],[-8.252244277662427,37.99998649534219],[-8.252538614885793,38.00135103401573],[-8.256346656470892,38.00053944835966],[-8.260275113221228,37.999736828597236]]]}"
00000000000000000000_20200628T112121_20200628T113042_T29SNC,0.24960504600198177,0.08200942434677637,2020-06-28,,"{""type"":""Polygon"",""coordinates"":[[[-8.260275113221228,37.999736828597236],[-8.260016476637192,37.99842137773497],[-8.259766773810266,37.99835895891955],[-8.256244058740004,37.999081329144566],[-8.2560211658702,37.99916161717505],[-8.252244277662427,37.99998649534219],[-8.252538614885793,38.00135103401573],[-8.256346656470892,38.00053944835966],[-8.260275113221228,37.999736828597236]]]}"
00000000000000000000_20200703T112119_20200703T112730_T29SNC,0.2609730032642561,0.08143415392270621,2020-07-03,,"{""type"":""Polygon"",""coordinates"":[[[-8.260275113221228,37.999736828597236],[-8.260016476637192,37.99842137773497],[-8.259766773810266,37.99835895891955],[-8.256244058740004,37.999081329144566],[-8.2560211658702,37.99916161717505],[-8.252244277662427,37.99998649534219],[-8.252538614885793,38.00135103401573],[-8.256346656470892,38.00053944835966],[-8.260275113221228,37.999736828597236]]]}"
00000000000000000000_20200708T112121_20200708T112447_T29SNC,0.257870663990954,0.08752332726395794,2020-07-08,,"{""type"":""Polygon"",""coordinates"":[[[-8.260275113221228,37.999736828597236],[-8.260016476637192,37.99842137773497],[-8.259766773810266,37.99835895891955],[-8.256244058740004,37.999081329144566],[-8.2560211658702,37.99916161717505],[-8.252244277662427,37.99998649534219],[-8.252538614885793,38.00135103401573],[-8.256346656470892,38.00053944835966],[-8.260275113221228,37.999736828597236]]]}"
00000000000000000000_20200713T112119_20200713T112115_T29SNC,0.2407047877594086,0.0920995066392388,2020-07-13,,"{""type"":""Polygon"",""coordinates"":[[[-8.260275113221228,37.999736828597236],[-8.260016476637192,37.99842137773497],[-8.259766773810266,37.99835895891955],[-8.256244058740004,37.999081329144566],[-8.2560211658702,37.99916161717505],[-8.252244277662427,37.99998649534219],[-8.252538614885793,38.00135103401573],[-8.256346656470892,38.00053944835966],[-8.260275113221228,37.999736828597236]]]}"
00000000000000000000_20200718T112121_20200718T112448_T29SNC,0.20728233295119083,0.056252525381065045,2020-07-18,,"{""type"":""Polygon"",""coordinates"":[[[-8.260275113221228,37.999736828597236],[-8.260016476637192,37.99842137773497],[-8.259766773810266,37.99835895891955],[-8.256244058740004,37.999081329144566],[-8.2560211658702,37.99916161717505],[-8.252244277662427,37.99998649534219],[-8.252538614885793,38.00135103401573],[-8.256346656470892,38.00053944835966],[-8.260275113221228,37.999736828597236]]]}"
00000000000000000000_20200723T112119_20200723T112419_T29SNC,0.21299984820895643,0.0539711041126164,2020-07-23,,"{""type"":""Polygon"",""coordinates"":[[[-8.260275113221228,37.999736828597236],[-8.260016476637192,37.99842137773497],[-8.259766773810266,37.99835895891955],[-8.256244058740004,37.999081329144566],[-8.2560211658702,37.99916161717505],[-8.252244277662427,37.99998649534219],[-8.252538614885793,38.00135103401573],[-8.256346656470892,38.00053944835966],[-8.260275113221228,37.999736828597236]]]}"
00000000000000000000_20200728T112121_20200728T113035_T29SNC,0.21096275545832752,0.05117883200903148,2020-07-28,,"{""type"":""Polygon"",""coordinates"":[[[-8.260275113221228,37.999736828597236],[-8.260016476637192,37.99842137773497],[-8.259766773810266,37.99835895891955],[-8.256244058740004,37.999081329144566],[-8.2560211658702,37.99916161717505],[-8.252244277662427,37.99998649534219],[-8.252538614885793,38.00135103401573],[-8.256346656470892,38.00053944835966],[-8.260275113221228,37.999736828597236]]]}"
00000000000000000000_20200802T112119_20200802T112120_T29SNC,0.21203211849540488,0.050394263529584434,2020-08-02,,"{""type"":""Polygon"",""coordinates"":[[[-8.260275113221228,37.999736828597236],[-8.260016476637192,37.99842137773497],[-8.259766773810266,37.99835895891955],[-8.256244058740004,37.999081329144566],[-8.2560211658702,37.99916161717505],[-8.252244277662427,37.99998649534219],[-8.252538614885793,38.00135103401573],[-8.256346656470892,38.00053944835966],[-8.260275113221228,37.999736828597236]]]}"
00000000000000000000_20200807T112121_20200807T112449_T29SNC,0.182239949940896,0.047092358457958824,2020-08-07,,"{""type"":""Polygon"",""coordinates"":[[[-8.260275113221228,37.999736828597236],[-8.260016476637192,37.99842137773497],[-8.259766773810266,37.99835895891955],[-8.256244058740004,37.999081329144566],[-8.2560211658702,37.99916161717505],[-8.252244277662427,37.99998649534219],[-8.252538614885793,38.00135103401573],[-8.256346656470892,38.00053944835966],[-8.260275113221228,37.999736828597236]]]}"
00000000000000000000_20200817T112121_20200817T112448_T29SNC,0.20098398379005084,0.06148223823624196,2020-08-17,,"{""type"":""Polygon"",""coordinates"":[[[-8.260275113221228,37.999736828597236],[-8.260016476637192,37.99842137773497],[-8.259766773810266,37.99835895891955],[-8.256244058740004,37.999081329144566],[-8.2560211658702,37.99916161717505],[-8.252244277662427,37.99998649534219],[-8.252538614885793,38.00135103401573],[-8.256346656470892,38.00053944835966],[-8.260275113221228,37.999736828597236]]]}"
00000000000000000000_20200822T112119_20200822T112117_T29SNC,0.23265109262148062,0.06416825638468587,2020-08-22,,"{""type"":""Polygon"",""coordinates"":[[[-8.260275113221228,37.999736828597236],[-8.260016476637192,37.99842137773497],[-8.259766773810266,37.99835895891955],[-8.256244058740004,37.999081329144566],[-8.2560211658702,37.99916161717505],[-8.252244277662427,37.99998649534219],[-8.252538614885793,38.00135103401573],[-8.256346656470892,38.00053944835966],[-8.260275113221228,37.999736828597236]]]}"
00000000000000000000_20200827T112121_20200827T112452_T29SNC,0.21898121301370346,0.06714330801241371,2020-08-27,,"{""type"":""Polygon"",""coordinates"":[[[-8.260275113221228,37.999736828597236],[-8.260016476637192,37.99842137773497],[-8.259766773810266,37.99835895891955],[-8.256244058740004,37.999081329144566],[-8.2560211658702,37.99916161717505],[-8.252244277662427,37.99998649534219],[-8.252538614885793,38.00135103401573],[-8.256346656470892,38.00053944835966],[-8.260275113221228,37.999736828597236]]]}"
00000000000000000000_20200901T112119_20200901T112648_T29SNC,0.22225913609613085,0.07424900603156703,2020-09-01,,"{""type"":""Polygon"",""coordinates"":[[[-8.260275113221228,37.999736828597236],[-8.260016476637192,37.99842137773497],[-8.259766773810266,37.99835895891955],[-8.256244058740004,37.999081329144566],[-8.2560211658702,37.99916161717505],[-8.252244277662427,37.99998649534219],[-8.252538614885793,38.00135103401573],[-8.256346656470892,38.00053944835966],[-8.260275113221228,37.999736828597236]]]}"
00000000000000000000_20200906T112121_20200906T112451_T29SNC,0.20896994907589891,0.07342361227152887,2020-09-06,,"{""type"":""Polygon"",""coordinates"":[[[-8.260275113221228,37.999736828597236],[-8.260016476637192,37.99842137773497],[-8.259766773810266,37.99835895891955],[-8.256244058740004,37.999081329144566],[-8.2560211658702,37.99916161717505],[-8.252244277662427,37.99998649534219],[-8.252538614885793,38.00135103401573],[-8.256346656470892,38.00053944835966],[-8.260275113221228,37.999736828597236]]]}"
00000000000000000000_20200921T112119_20200921T112115_T29SNC,0.229367636423183,0.08328344279670702,2020-09-21,,"{""type"":""Polygon"",""coordinates"":[[[-8.260275113221228,37.999736828597236],[-8.260016476637192,37.99842137773497],[-8.259766773810266,37.99835895891955],[-8.256244058740004,37.999081329144566],[-8.2560211658702,37.99916161717505],[-8.252244277662427,37.99998649534219],[-8.252538614885793,38.00135103401573],[-8.256346656470892,38.00053944835966],[-8.260275113221228,37.999736828597236]]]}"
00000000000000000000_20200926T112121_20200926T112452_T29SNC,0.22251685100501864,0.08253280449666334,2020-09-26,,"{""type"":""Polygon"",""coordinates"":[[[-8.260275113221228,37.999736828597236],[-8.260016476637192,37.99842137773497],[-8.259766773810266,37.99835895891955],[-8.256244058740004,37.999081329144566],[-8.2560211658702,37.99916161717505],[-8.252244277662427,37.99998649534219],[-8.252538614885793,38.00135103401573],[-8.256346656470892,38.00053944835966],[-8.260275113221228,37.999736828597236]]]}"
00000000000000000000_20201006T112121_20201006T112455_T29SNC,0.21627595276986294,0.08931528487112152,2020-10-06,,"{""type"":""Polygon"",""coordinates"":[[[-8.260275113221228,37.999736828597236],[-8.260016476637192,37.99842137773497],[-8.259766773810266,37.99835895891955],[-8.256244058740004,37.999081329144566],[-8.2560211658702,37.99916161717505],[-8.252244277662427,37.99998649534219],[-8.252538614885793,38.00135103401573],[-8.256346656470892,38.00053944835966],[-8.260275113221228,37.999736828597236]]]}"
00000000000000000000_20201011T112119_20201011T112135_T29SNC,0.23271884818880967,0.08514980599614842,2020-10-11,,"{""type"":""Polygon"",""coordinates"":[[[-8.260275113221228,37.999736828597236],[-8.260016476637192,37.99842137773497],[-8.259766773810266,37.99835895891955],[-8.256244058740004,37.999081329144566],[-8.2560211658702,37.99916161717505],[-8.252244277662427,37.99998649534219],[-8.252538614885793,38.00135103401573],[-8.256346656470892,38.00053944835966],[-8.260275113221228,37.999736828597236]]]}"
00000000000000000000_20201016T112121_20201016T112455_T29SNC,0.23612780237381795,0.08329447117189079,2020-10-16,,"{""type"":""Polygon"",""coordinates"":[[[-8.260275113221228,37.999736828597236],[-8.260016476637192,37.99842137773497],[-8.259766773810266,37.99835895891955],[-8.256244058740004,37.999081329144566],[-8.2560211658702,37.99916161717505],[-8.252244277662427,37.99998649534219],[-8.252538614885793,38.00135103401573],[-8.256346656470892,38.00053944835966],[-8.260275113221228,37.999736828597236]]]}"
00000000000000000000_20201110T112309_20201110T112450_T29SNC,0.3376471150632557,0.16468536597833786,2020-11-10,,"{""type"":""Polygon"",""coordinates"":[[[-8.260275113221228,37.999736828597236],[-8.260016476637192,37.99842137773497],[-8.259766773810266,37.99835895891955],[-8.256244058740004,37.999081329144566],[-8.2560211658702,37.99916161717505],[-8.252244277662427,37.99998649534219],[-8.252538614885793,38.00135103401573],[-8.256346656470892,38.00053944835966],[-8.260275113221228,37.999736828597236]]]}"
00000000000000000000_20201115T112341_20201115T112452_T29SNC,0.36205236090672305,0.1738674029397105,2020-11-15,,"{""type"":""Polygon"",""coordinates"":[[[-8.260275113221228,37.999736828597236],[-8.260016476637192,37.99842137773497],[-8.259766773810266,37.99835895891955],[-8.256244058740004,37.999081329144566],[-8.2560211658702,37.99916161717505],[-8.252244277662427,37.99998649534219],[-8.252538614885793,38.00135103401573],[-8.256346656470892,38.00053944835966],[-8.260275113221228,37.999736828597236]]]}"
00000000000000000000_20201120T112359_20201120T112447_T29SNC,0.3988327117794957,0.20901178051096944,2020-11-20,,"{""type"":""Polygon"",""coordinates"":[[[-8.260275113221228,37.999736828597236],[-8.260016476637192,37.99842137773497],[-8.259766773810266,37.99835895891955],[-8.256244058740004,37.999081329144566],[-8.2560211658702,37.99916161717505],[-8.252244277662427,37.99998649534219],[-8.252538614885793,38.00135103401573],[-8.256346656470892,38.00053944835966],[-8.260275113221228,37.999736828597236]]]}"
00000000000000000000_20201205T112441_20201205T112447_T29SNC,0.4779797041360246,0.23263060472684183,2020-12-05,,"{""type"":""Polygon"",""coordinates"":[[[-8.260275113221228,37.999736828597236],[-8.260016476637192,37.99842137773497],[-8.259766773810266,37.99835895891955],[-8.256244058740004,37.999081329144566],[-8.2560211658702,37.99916161717505],[-8.252244277662427,37.99998649534219],[-8.252538614885793,38.00135103401573],[-8.256346656470892,38.00053944835966],[-8.260275113221228,37.999736828597236]]]}"
00000000000000000000_20201215T112451_20201215T112454_T29SNC,0.5757982654269368,0.16370981256442585,2020-12-15,,"{""type"":""Polygon"",""coordinates"":[[[-8.260275113221228,37.999736828597236],[-8.260016476637192,37.99842137773497],[-8.259766773810266,37.99835895891955],[-8.256244058740004,37.999081329144566],[-8.2560211658702,37.99916161717505],[-8.252244277662427,37.99998649534219],[-8.252538614885793,38.00135103401573],[-8.256346656470892,38.00053944835966],[-8.260275113221228,37.999736828597236]]]}"
00000000000000000000_20201230T112359_20201230T112446_T29SNC,0.7169585174677164,0.0916786025518698,2020-12-30,,"{""type"":""Polygon"",""coordinates"":[[[-8.260275113221228,37.999736828597236],[-8.260016476637192,37.99842137773497],[-8.259766773810266,37.99835895891955],[-8.256244058740004,37.999081329144566],[-8.2560211658702,37.99916161717505],[-8.252244277662427,37.99998649534219],[-8.252538614885793,38.00135103401573],[-8.256346656470892,38.00053944835966],[-8.260275113221228,37.999736828597236]]]}"
00000000000000000000_20210114T112431_20210114T112450_T29SNC,0.6914835848649459,0.07631236267461201,2021-01-14,,"{""type"":""Polygon"",""coordinates"":[[[-8.260275113221228,37.999736828597236],[-8.260016476637192,37.99842137773497],[-8.259766773810266,37.99835895891955],[-8.256244058740004,37.999081329144566],[-8.2560211658702,37.99916161717505],[-8.252244277662427,37.99998649534219],[-8.252538614885793,38.00135103401573],[-8.256346656470892,38.00053944835966],[-8.260275113221228,37.999736828597236]]]}"
00000000000000000000_20210213T112151_20210213T112445_T29SNC,0.47550120722853645,0.17669352640549751,2021-02-13,,"{""type"":""Polygon"",""coordinates"":[[[-8.260275113221228,37.999736828597236],[-8.260016476637192,37.99842137773497],[-8.259766773810266,37.99835895891955],[-8.256244058740004,37.999081329144566],[-8.2560211658702,37.99916161717505],[-8.252244277662427,37.99998649534219],[-8.252538614885793,38.00135103401573],[-8.256346656470892,38.00053944835966],[-8.260275113221228,37.999736828597236]]]}"
00000000000000000000_20210218T112109_20210218T112238_T29SNC,0.742850280202817,0.0729328037878116,2021-02-18,,"{""type"":""Polygon"",""coordinates"":[[[-8.260275113221228,37.999736828597236],[-8.260016476637192,37.99842137773497],[-8.259766773810266,37.99835895891955],[-8.256244058740004,37.999081329144566],[-8.2560211658702,37.99916161717505],[-8.252244277662427,37.99998649534219],[-8.252538614885793,38.00135103401573],[-8.256346656470892,38.00053944835966],[-8.260275113221228,37.999736828597236]]]}"
00000000000000000000_20210228T112109_20210228T112803_T29SNC,0.8029203677102913,0.07359156511333101,2021-02-28,,"{""type"":""Polygon"",""coordinates"":[[[-8.260275113221228,37.999736828597236],[-8.260016476637192,37.99842137773497],[-8.259766773810266,37.99835895891955],[-8.256244058740004,37.999081329144566],[-8.2560211658702,37.99916161717505],[-8.252244277662427,37.99998649534219],[-8.252538614885793,38.00135103401573],[-8.256346656470892,38.00053944835966],[-8.260275113221228,37.999736828597236]]]}"
00000000000000000000_20210310T112119_20210310T112113_T29SNC,0.8076745068963811,0.06904092090097617,2021-03-10,,"{""type"":""Polygon"",""coordinates"":[[[-8.260275113221228,37.999736828597236],[-8.260016476637192,37.99842137773497],[-8.259766773810266,37.99835895891955],[-8.256244058740004,37.999081329144566],[-8.2560211658702,37.99916161717505],[-8.252244277662427,37.99998649534219],[-8.252538614885793,38.00135103401573],[-8.256346656470892,38.00053944835966],[-8.260275113221228,37.999736828597236]]]}"
00000000000000000000_20210315T112111_20210315T112446_T29SNC,0.7477981727709883,0.06358668051526793,2021-03-15,,"{""type"":""Polygon"",""coordinates"":[[[-8.260275113221228,37.999736828597236],[-8.260016476637192,37.99842137773497],[-8.259766773810266,37.99835895891955],[-8.256244058740004,37.999081329144566],[-8.2560211658702,37.99916161717505],[-8.252244277662427,37.99998649534219],[-8.252538614885793,38.00135103401573],[-8.256346656470892,38.00053944835966],[-8.260275113221228,37.999736828597236]]]}"
00000000000000000000_20210320T112109_20210320T112112_T29SNC,0.809740927601983,0.07081400274389733,2021-03-20,,"{""type"":""Polygon"",""coordinates"":[[[-8.260275113221228,37.999736828597236],[-8.260016476637192,37.99842137773497],[-8.259766773810266,37.99835895891955],[-8.256244058740004,37.999081329144566],[-8.2560211658702,37.99916161717505],[-8.252244277662427,37.99998649534219],[-8.252538614885793,38.00135103401573],[-8.256346656470892,38.00053944835966],[-8.260275113221228,37.999736828597236]]]}"
00000000000000000000_20210404T112111_20210404T112443_T29SNC,0.7134359011944104,0.05341546831054902,2021-04-04,,"{""type"":""Polygon"",""coordinates"":[[[-8.260275113221228,37.999736828597236],[-8.260016476637192,37.99842137773497],[-8.259766773810266,37.99835895891955],[-8.256244058740004,37.999081329144566],[-8.2560211658702,37.99916161717505],[-8.252244277662427,37.99998649534219],[-8.252538614885793,38.00135103401573],[-8.256346656470892,38.00053944835966],[-8.260275113221228,37.999736828597236]]]}"
00000000000000000000_20210419T112109_20210419T112108_T29SNC,0.707015044600702,0.060283536934830344,2021-04-19,,"{""type"":""Polygon"",""coordinates"":[[[-8.260275113221228,37.999736828597236],[-8.260016476637192,37.99842137773497],[-8.259766773810266,37.99835895891955],[-8.256244058740004,37.999081329144566],[-8.2560211658702,37.99916161717505],[-8.252244277662427,37.99998649534219],[-8.252538614885793,38.00135103401573],[-8.256346656470892,38.00053944835966],[-8.260275113221228,37.999736828597236]]]}"
00000000000000000000_20210504T112111_20210504T112445_T29SNC,0.5487509230838846,0.07689182291062018,2021-05-04,,"{""type"":""Polygon"",""coordinates"":[[[-8.260275113221228,37.999736828597236],[-8.260016476637192,37.99842137773497],[-8.259766773810266,37.99835895891955],[-8.256244058740004,37.999081329144566],[-8.2560211658702,37.99916161717505],[-8.252244277662427,37.99998649534219],[-8.252538614885793,38.00135103401573],[-8.256346656470892,38.00053944835966],[-8.260275113221228,37.999736828597236]]]}"
00000000000000000000_20210519T112119_20210519T112113_T29SNC,0.3625120606801734,0.04007191471318859,2021-05-19,,"{""type"":""Polygon"",""coordinates"":[[[-8.260275113221228,37.999736828597236],[-8.260016476637192,37.99842137773497],[-8.259766773810266,37.99835895891955],[-8.256244058740004,37.999081329144566],[-8.2560211658702,37.99916161717505],[-8.252244277662427,37.99998649534219],[-8.252538614885793,38.00135103401573],[-8.256346656470892,38.00053944835966],[-8.260275113221228,37.999736828597236]]]}"
00000000000000000000_20210529T112119_20210529T112823_T29SNC,0.30988712321267053,0.038053363192477464,2021-05-29,,"{""type"":""Polygon"",""coordinates"":[[[-8.260275113221228,37.999736828597236],[-8.260016476637192,37.99842137773497],[-8.259766773810266,37.99835895891955],[-8.256244058740004,37.999081329144566],[-8.2560211658702,37.99916161717505],[-8.252244277662427,37.99998649534219],[-8.252538614885793,38.00135103401573],[-8.256346656470892,38.00053944835966],[-8.260275113221228,37.999736828597236]]]}"
00000000000000000000_20210603T112111_20210603T112450_T29SNC,0.30615521295976333,0.04048880982897633,2021-06-03,,"{""type"":""Polygon"",""coordinates"":[[[-8.260275113221228,37.999736828597236],[-8.260016476637192,37.99842137773497],[-8.259766773810266,37.99835895891955],[-8.256244058740004,37.999081329144566],[-8.2560211658702,37.99916161717505],[-8.252244277662427,37.99998649534219],[-8.252538614885793,38.00135103401573],[-8.256346656470892,38.00053944835966],[-8.260275113221228,37.999736828597236]]]}"
00000000000000000000_20210608T112119_20210608T112114_T29SNC,0.28694483865554476,0.04483171515453679,2021-06-08,,"{""type"":""Polygon"",""coordinates"":[[[-8.260275113221228,37.999736828597236],[-8.260016476637192,37.99842137773497],[-8.259766773810266,37.99835895891955],[-8.256244058740004,37.999081329144566],[-8.2560211658702,37.99916161717505],[-8.252244277662427,37.99998649534219],[-8.252538614885793,38.00135103401573],[-8.256346656470892,38.00053944835966],[-8.260275113221228,37.999736828597236]]]}"
00000000000000000000_20210613T112111_20210613T112447_T29SNC,0.01725914319725271,0.02401307329728838,2021-06-13,,"{""type"":""Polygon"",""coordinates"":[[[-8.260275113221228,37.999736828597236],[-8.260016476637192,37.99842137773497],[-8.259766773810266,37.99835895891955],[-8.256244058740004,37.999081329144566],[-8.2560211658702,37.99916161717505],[-8.252244277662427,37.99998649534219],[-8.252538614885793,38.00135103401573],[-8.256346656470892,38.00053944835966],[-8.260275113221228,37.999736828597236]]]}"
00000000000000000000_20210623T112121_20210623T112448_T29SNC,0.2643212980344611,0.06114037815221504,2021-06-23,,"{""type"":""Polygon"",""coordinates"":[[[-8.260275113221228,37.999736828597236],[-8.260016476637192,37.99842137773497],[-8.259766773810266,37.99835895891955],[-8.256244058740004,37.999081329144566],[-8.2560211658702,37.99916161717505],[-8.252244277662427,37.99998649534219],[-8.252538614885793,38.00135103401573],[-8.256346656470892,38.00053944835966],[-8.260275113221228,37.999736828597236]]]}"
00000000000000000000_20210628T112119_20210628T112114_T29SNC,0.27319618405542206,0.059290348619785785,2021-06-28,,"{""type"":""Polygon"",""coordinates"":[[[-8.260275113221228,37.999736828597236],[-8.260016476637192,37.99842137773497],[-8.259766773810266,37.99835895891955],[-8.256244058740004,37.999081329144566],[-8.2560211658702,37.99916161717505],[-8.252244277662427,37.99998649534219],[-8.252538614885793,38.00135103401573],[-8.256346656470892,38.00053944835966],[-8.260275113221228,37.999736828597236]]]}"
00000000000000000000_20210708T112119_20210708T112115_T29SNC,0.2697254165745616,0.05395730007055982,2021-07-08,,"{""type"":""Polygon"",""coordinates"":[[[-8.260275113221228,37.999736828597236],[-8.260016476637192,37.99842137773497],[-8.259766773810266,37.99835895891955],[-8.256244058740004,37.999081329144566],[-8.2560211658702,37.99916161717505],[-8.252244277662427,37.99998649534219],[-8.252538614885793,38.00135103401573],[-8.256346656470892,38.00053944835966],[-8.260275113221228,37.999736828597236]]]}"
00000000000000000000_20210713T112121_20210713T112450_T29SNC,0.24833100508201258,0.05515167220120141,2021-07-13,,"{""type"":""Polygon"",""coordinates"":[[[-8.260275113221228,37.999736828597236],[-8.260016476637192,37.99842137773497],[-8.259766773810266,37.99835895891955],[-8.256244058740004,37.999081329144566],[-8.2560211658702,37.99916161717505],[-8.252244277662427,37.99998649534219],[-8.252538614885793,38.00135103401573],[-8.256346656470892,38.00053944835966],[-8.260275113221228,37.999736828597236]]]}"
00000000000000000000_20210718T112119_20210718T112951_T29SNC,0.24599384017044945,0.04900197993990691,2021-07-18,,"{""type"":""Polygon"",""coordinates"":[[[-8.260275113221228,37.999736828597236],[-8.260016476637192,37.99842137773497],[-8.259766773810266,37.99835895891955],[-8.256244058740004,37.999081329144566],[-8.2560211658702,37.99916161717505],[-8.252244277662427,37.99998649534219],[-8.252538614885793,38.00135103401573],[-8.256346656470892,38.00053944835966],[-8.260275113221228,37.999736828597236]]]}"
00000000000000000000_20210723T112121_20210723T112450_T29SNC,0.241665459046714,0.04195229671755524,2021-07-23,,"{""type"":""Polygon"",""coordinates"":[[[-8.260275113221228,37.999736828597236],[-8.260016476637192,37.99842137773497],[-8.259766773810266,37.99835895891955],[-8.256244058740004,37.999081329144566],[-8.2560211658702,37.99916161717505],[-8.252244277662427,37.99998649534219],[-8.252538614885793,38.00135103401573],[-8.256346656470892,38.00053944835966],[-8.260275113221228,37.999736828597236]]]}"
00000000000000000000_20210728T112119_20210728T112520_T29SNC,0.24303668404111559,0.05106549335228654,2021-07-28,,"{""type"":""Polygon"",""coordinates"":[[[-8.260275113221228,37.999736828597236],[-8.260016476637192,37.99842137773497],[-8.259766773810266,37.99835895891955],[-8.256244058740004,37.999081329144566],[-8.2560211658702,37.99916161717505],[-8.252244277662427,37.99998649534219],[-8.252538614885793,38.00135103401573],[-8.256346656470892,38.00053944835966],[-8.260275113221228,37.999736828597236]]]}"
00000000000000000000_20210812T112121_20210812T112449_T29SNC,0.24323911907883305,0.03897727958186201,2021-08-12,,"{""type"":""Polygon"",""coordinates"":[[[-8.260275113221228,37.999736828597236],[-8.260016476637192,37.99842137773497],[-8.259766773810266,37.99835895891955],[-8.256244058740004,37.999081329144566],[-8.2560211658702,37.99916161717505],[-8.252244277662427,37.99998649534219],[-8.252538614885793,38.00135103401573],[-8.256346656470892,38.00053944835966],[-8.260275113221228,37.999736828597236]]]}"
00000000000000000000_20210817T112119_20210817T112113_T29SNC,0.2480404551419135,0.044546068473622885,2021-08-17,,"{""type"":""Polygon"",""coordinates"":[[[-8.260275113221228,37.999736828597236],[-8.260016476637192,37.99842137773497],[-8.259766773810266,37.99835895891955],[-8.256244058740004,37.999081329144566],[-8.2560211658702,37.99916161717505],[-8.252244277662427,37.99998649534219],[-8.252538614885793,38.00135103401573],[-8.256346656470892,38.00053944835966],[-8.260275113221228,37.999736828597236]]]}"
00000000000000000000_20210822T112121_20210822T112449_T29SNC,0.2444858053974214,0.04343283519497456,2021-08-22,,"{""type"":""Polygon"",""coordinates"":[[[-8.260275113221228,37.999736828597236],[-8.260016476637192,37.99842137773497],[-8.259766773810266,37.99835895891955],[-8.256244058740004,37.999081329144566],[-8.2560211658702,37.99916161717505],[-8.252244277662427,37.99998649534219],[-8.252538614885793,38.00135103401573],[-8.256346656470892,38.00053944835966],[-8.260275113221228,37.999736828597236]]]}"
00000000000000000000_20210916T112109_20210916T112109_T29SNC,0.08747328797950565,0.0819607148552497,2021-09-16,,"{""type"":""Polygon"",""coordinates"":[[[-8.260275113221228,37.999736828597236],[-8.260016476637192,37.99842137773497],[-8.259766773810266,37.99835895891955],[-8.256244058740004,37.999081329144566],[-8.2560211658702,37.99916161717505],[-8.252244277662427,37.99998649534219],[-8.252538614885793,38.00135103401573],[-8.256346656470892,38.00053944835966],[-8.260275113221228,37.999736828597236]]]}"
00000000000000000000_20210921T112121_20210921T112452_T29SNC,0.22143042630384033,0.05389998628975931,2021-09-21,,"{""type"":""Polygon"",""coordinates"":[[[-8.260275113221228,37.999736828597236],[-8.260016476637192,37.99842137773497],[-8.259766773810266,37.99835895891955],[-8.256244058740004,37.999081329144566],[-8.2560211658702,37.99916161717505],[-8.252244277662427,37.99998649534219],[-8.252538614885793,38.00135103401573],[-8.256346656470892,38.00053944835966],[-8.260275113221228,37.999736828597236]]]}"
00000000000000000000_20211006T112119_20211006T112114_T29SNC,0.21311243738027774,0.04995516759717508,2021-10-06,,"{""type"":""Polygon"",""coordinates"":[[[-8.260275113221228,37.999736828597236],[-8.260016476637192,37.99842137773497],[-8.259766773810266,37.99835895891955],[-8.256244058740004,37.999081329144566],[-8.2560211658702,37.99916161717505],[-8.252244277662427,37.99998649534219],[-8.252538614885793,38.00135103401573],[-8.256346656470892,38.00053944835966],[-8.260275113221228,37.999736828597236]]]}"
00000000000000000000_20211026T112119_20211026T112238_T29SNC,0.23271960804708622,0.0505139043827312,2021-10-26,,"{""type"":""Polygon"",""coordinates"":[[[-8.260275113221228,37.999736828597236],[-8.260016476637192,37.99842137773497],[-8.259766773810266,37.99835895891955],[-8.256244058740004,37.999081329144566],[-8.2560211658702,37.99916161717505],[-8.252244277662427,37.99998649534219],[-8.252538614885793,38.00135103401573],[-8.256346656470892,38.00053944835966],[-8.260275113221228,37.999736828597236]]]}"
00000000000000000000_20211105T112149_20211105T112401_T29SNC,0.2695171762085463,0.07274183982024306,2021-11-05,,"{""type"":""Polygon"",""coordinates"":[[[-8.260275113221228,37.999736828597236],[-8.260016476637192,37.99842137773497],[-8.259766773810266,37.99835895891955],[-8.256244058740004,37.999081329144566],[-8.2560211658702,37.99916161717505],[-8.252244277662427,37.99998649534219],[-8.252538614885793,38.00135103401573],[-8.256346656470892,38.00053944835966],[-8.260275113221228,37.999736828597236]]]}"
00000000000000000000_20211110T112311_20211110T112451_T29SNC,0.264441650644282,0.07801627613793313,2021-11-10,,"{""type"":""Polygon"",""coordinates"":[[[-8.260275113221228,37.999736828597236],[-8.260016476637192,37.99842137773497],[-8.259766773810266,37.99835895891955],[-8.256244058740004,37.999081329144566],[-8.2560211658702,37.99916161717505],[-8.252244277662427,37.99998649534219],[-8.252538614885793,38.00135103401573],[-8.256346656470892,38.00053944835966],[-8.260275113221228,37.999736828597236]]]}"
00000000000000000000_20211115T112239_20211115T112445_T29SNC,0.28139859680133456,0.0805537272889403,2021-11-15,,"{""type"":""Polygon"",""coordinates"":[[[-8.260275113221228,37.999736828597236],[-8.260016476637192,37.99842137773497],[-8.259766773810266,37.99835895891955],[-8.256244058740004,37.999081329144566],[-8.2560211658702,37.99916161717505],[-8.252244277662427,37.99998649534219],[-8.252538614885793,38.00135103401573],[-8.256346656470892,38.00053944835966],[-8.260275113221228,37.999736828597236]]]}"
00000000000000000000_20211215T112359_20211215T112443_T29SNC,0.322147758078965,0.0991263951650119,2021-12-15,,"{""type"":""Polygon"",""coordinates"":[[[-8.260275113221228,37.999736828597236],[-8.260016476637192,37.99842137773497],[-8.259766773810266,37.99835895891955],[-8.256244058740004,37.999081329144566],[-8.2560211658702,37.99916161717505],[-8.252244277662427,37.99998649534219],[-8.252538614885793,38.00135103401573],[-8.256346656470892,38.00053944835966],[-8.260275113221228,37.999736828597236]]]}"
00000000000000000000_20220114T112329_20220114T112443_T29SNC,0.5566512017127893,0.09203920394177689,2022-01-14,,"{""type"":""Polygon"",""coordinates"":[[[-8.260275113221228,37.999736828597236],[-8.260016476637192,37.99842137773497],[-8.259766773810266,37.99835895891955],[-8.256244058740004,37.999081329144566],[-8.2560211658702,37.99916161717505],[-8.252244277662427,37.99998649534219],[-8.252538614885793,38.00135103401573],[-8.256346656470892,38.00053944835966],[-8.260275113221228,37.999736828597236]]]}"
00000000000000000000_20220119T112411_20220119T112449_T29SNC,0.5846705181389213,0.09781671412802392,2022-01-19,,"{""type"":""Polygon"",""coordinates"":[[[-8.260275113221228,37.999736828597236],[-8.260016476637192,37.99842137773497],[-8.259766773810266,37.99835895891955],[-8.256244058740004,37.999081329144566],[-8.2560211658702,37.99916161717505],[-8.252244277662427,37.99998649534219],[-8.252538614885793,38.00135103401573],[-8.256346656470892,38.00053944835966],[-8.260275113221228,37.999736828597236]]]}"
00000000000000000000_20220124T112249_20220124T112248_T29SNC,0.4159363591959858,0.07324848195029768,2022-01-24,,"{""type"":""Polygon"",""coordinates"":[[[-8.260275113221228,37.999736828597236],[-8.260016476637192,37.99842137773497],[-8.259766773810266,37.99835895891955],[-8.256244058740004,37.999081329144566],[-8.2560211658702,37.99916161717505],[-8.252244277662427,37.99998649534219],[-8.252538614885793,38.00135103401573],[-8.256346656470892,38.00053944835966],[-8.260275113221228,37.999736828597236]]]}"
00000000000000000000_20220129T112321_20220129T112901_T29SNC,0.34602953790365204,0.07368780858535043,2022-01-29,,"{""type"":""Polygon"",""coordinates"":[[[-8.260275113221228,37.999736828597236],[-8.260016476637192,37.99842137773497],[-8.259766773810266,37.99835895891955],[-8.256244058740004,37.999081329144566],[-8.2560211658702,37.99916161717505],[-8.252244277662427,37.99998649534219],[-8.252538614885793,38.00135103401573],[-8.256346656470892,38.00053944835966],[-8.260275113221228,37.999736828597236]]]}"
00000000000000000000_20220208T112231_20220208T113014_T29SNC,0.35792762815304247,0.07461358434219334,2022-02-08,,"{""type"":""Polygon"",""coordinates"":[[[-8.260275113221228,37.999736828597236],[-8.260016476637192,37.99842137773497],[-8.259766773810266,37.99835895891955],[-8.256244058740004,37.999081329144566],[-8.2560211658702,37.99916161717505],[-8.252244277662427,37.99998649534219],[-8.252538614885793,38.00135103401573],[-8.256346656470892,38.00053944835966],[-8.260275113221228,37.999736828597236]]]}"
00000000000000000000_20220228T112121_20220228T112450_T29SNC,0.36436980324901835,0.07354923938429254,2022-02-28,,"{""type"":""Polygon"",""coordinates"":[[[-8.260275113221228,37.999736828597236],[-8.260016476637192,37.99842137773497],[-8.259766773810266,37.99835895891955],[-8.256244058740004,37.999081329144566],[-8.2560211658702,37.99916161717505],[-8.252244277662427,37.99998649534219],[-8.252538614885793,38.00135103401573],[-8.256346656470892,38.00053944835966],[-8.260275113221228,37.999736828597236]]]}"
00000000000000000000_20220414T112109_20220414T112432_T29SNC,0.39072922342351424,0.10802904777762432,2022-04-14,,"{""type"":""Polygon"",""coordinates"":[[[-8.260275113221228,37.999736828597236],[-8.260016476637192,37.99842137773497],[-8.259766773810266,37.99835895891955],[-8.256244058740004,37.999081329144566],[-8.2560211658702,37.99916161717505],[-8.252244277662427,37.99998649534219],[-8.252538614885793,38.00135103401573],[-8.256346656470892,38.00053944835966],[-8.260275113221228,37.999736828597236]]]}"
00000000000000000000_20220419T112121_20220419T112451_T29SNC,0.36182786310861775,0.08575603270211554,2022-04-19,,"{""type"":""Polygon"",""coordinates"":[[[-8.260275113221228,37.999736828597236],[-8.260016476637192,37.99842137773497],[-8.259766773810266,37.99835895891955],[-8.256244058740004,37.999081329144566],[-8.2560211658702,37.99916161717505],[-8.252244277662427,37.99998649534219],[-8.252538614885793,38.00135103401573],[-8.256346656470892,38.00053944835966],[-8.260275113221228,37.999736828597236]]]}"
00000000000000000000_20220429T112121_20220429T112452_T29SNC,0.2623118932826956,0.05263687693475015,2022-04-29,,"{""type"":""Polygon"",""coordinates"":[[[-8.260275113221228,37.999736828597236],[-8.260016476637192,37.99842137773497],[-8.259766773810266,37.99835895891955],[-8.256244058740004,37.999081329144566],[-8.2560211658702,37.99916161717505],[-8.252244277662427,37.99998649534219],[-8.252538614885793,38.00135103401573],[-8.256346656470892,38.00053944835966],[-8.260275113221228,37.999736828597236]]]}"
00000000000000000000_20220504T112109_20220504T112108_T29SNC,0.18495143077030055,0.06499238082623422,2022-05-04,,"{""type"":""Polygon"",""coordinates"":[[[-8.260275113221228,37.999736828597236],[-8.260016476637192,37.99842137773497],[-8.259766773810266,37.99835895891955],[-8.256244058740004,37.999081329144566],[-8.2560211658702,37.99916161717505],[-8.252244277662427,37.99998649534219],[-8.252538614885793,38.00135103401573],[-8.256346656470892,38.00053944835966],[-8.260275113221228,37.999736828597236]]]}"
00000000000000000000_20220514T112109_20220514T112112_T29SNC,0.21682520535438982,0.03848695266286389,2022-05-14,,"{""type"":""Polygon"",""coordinates"":[[[-8.260275113221228,37.999736828597236],[-8.260016476637192,37.99842137773497],[-8.259766773810266,37.99835895891955],[-8.256244058740004,37.999081329144566],[-8.2560211658702,37.99916161717505],[-8.252244277662427,37.99998649534219],[-8.252538614885793,38.00135103401573],[-8.256346656470892,38.00053944835966],[-8.260275113221228,37.999736828597236]]]}"
00000000000000000000_20220613T112119_20220613T112116_T29SNC,0.1438863370642362,0.01363582592350116,2022-06-13,,"{""type"":""Polygon"",""coordinates"":[[[-8.260275113221228,37.999736828597236],[-8.260016476637192,37.99842137773497],[-8.259766773810266,37.99835895891955],[-8.256244058740004,37.999081329144566],[-8.2560211658702,37.99916161717505],[-8.252244277662427,37.99998649534219],[-8.252538614885793,38.00135103401573],[-8.256346656470892,38.00053944835966],[-8.260275113221228,37.999736828597236]]]}"
00000000000000000000_20220618T112131_20220618T112125_T29SNC,0.1493256412373696,0.01632142279791988,2022-06-18,,"{""type"":""Polygon"",""coordinates"":[[[-8.260275113221228,37.999736828597236],[-8.260016476637192,37.99842137773497],[-8.259766773810266,37.99835895891955],[-8.256244058740004,37.999081329144566],[-8.2560211658702,37.99916161717505],[-8.252244277662427,37.99998649534219],[-8.252538614885793,38.00135103401573],[-8.256346656470892,38.00053944835966],[-8.260275113221228,37.999736828597236]]]}"
00000000000000000000_20220628T112131_20220628T112126_T29SNC,0.14958833644612818,0.01736381229736548,2022-06-28,,"{""type"":""Polygon"",""coordinates"":[[[-8.260275113221228,37.999736828597236],[-8.260016476637192,37.99842137773497],[-8.259766773810266,37.99835895891955],[-8.256244058740004,37.999081329144566],[-8.2560211658702,37.99916161717505],[-8.252244277662427,37.99998649534219],[-8.252538614885793,38.00135103401573],[-8.256346656470892,38.00053944835966],[-8.260275113221228,37.999736828597236]]]}"
00000000000000000000_20220708T112131_20220708T112126_T29SNC,0.1423344892149483,0.017253114347126154,2022-07-08,,"{""type"":""Polygon"",""coordinates"":[[[-8.260275113221228,37.999736828597236],[-8.260016476637192,37.99842137773497],[-8.259766773810266,37.99835895891955],[-8.256244058740004,37.999081329144566],[-8.2560211658702,37.99916161717505],[-8.252244277662427,37.99998649534219],[-8.252538614885793,38.00135103401573],[-8.256346656470892,38.00053944835966],[-8.260275113221228,37.999736828597236]]]}"
00000000000000000000_20220718T112131_20220718T112632_T29SNC,0.14063933888943894,0.015454190238101363,2022-07-18,,"{""type"":""Polygon"",""coordinates"":[[[-8.260275113221228,37.999736828597236],[-8.260016476637192,37.99842137773497],[-8.259766773810266,37.99835895891955],[-8.256244058740004,37.999081329144566],[-8.2560211658702,37.99916161717505],[-8.252244277662427,37.99998649534219],[-8.252538614885793,38.00135103401573],[-8.256346656470892,38.00053944835966],[-8.260275113221228,37.999736828597236]]]}"
00000000000000000000_20220723T112119_20220723T112118_T29SNC,0.14614118399880346,0.015309064452654477,2022-07-23,,"{""type"":""Polygon"",""coordinates"":[[[-8.260275113221228,37.999736828597236],[-8.260016476637192,37.99842137773497],[-8.259766773810266,37.99835895891955],[-8.256244058740004,37.999081329144566],[-8.2560211658702,37.99916161717505],[-8.252244277662427,37.99998649534219],[-8.252538614885793,38.00135103401573],[-8.256346656470892,38.00053944835966],[-8.260275113221228,37.999736828597236]]]}"
00000000000000000000_20220728T112121_20220728T112123_T29SNC,0.12810941388289424,0.01564179174097066,2022-07-28,,"{""type"":""Polygon"",""coordinates"":[[[-8.260275113221228,37.999736828597236],[-8.260016476637192,37.99842137773497],[-8.259766773810266,37.99835895891955],[-8.256244058740004,37.999081329144566],[-8.2560211658702,37.99916161717505],[-8.252244277662427,37.99998649534219],[-8.252538614885793,38.00135103401573],[-8.256346656470892,38.00053944835966],[-8.260275113221228,37.999736828597236]]]}"
00000000000000000000_20220802T112119_20220802T112118_T29SNC,0.14205686596561204,0.014234390097786077,2022-08-02,,"{""type"":""Polygon"",""coordinates"":[[[-8.260275113221228,37.999736828597236],[-8.260016476637192,37.99842137773497],[-8.259766773810266,37.99835895891955],[-8.256244058740004,37.999081329144566],[-8.2560211658702,37.99916161717505],[-8.252244277662427,37.99998649534219],[-8.252538614885793,38.00135103401573],[-8.256346656470892,38.00053944835966],[-8.260275113221228,37.999736828597236]]]}"
00000000000000000000_20220807T112131_20220807T112125_T29SNC,0.12661758525912134,0.01287957743192617,2022-08-07,,"{""type"":""Polygon"",""coordinates"":[[[-8.260275113221228,37.999736828597236],[-8.260016476637192,37.99842137773497],[-8.259766773810266,37.99835895891955],[-8.256244058740004,37.999081329144566],[-8.2560211658702,37.99916161717505],[-8.252244277662427,37.99998649534219],[-8.252538614885793,38.00135103401573],[-8.256346656470892,38.00053944835966],[-8.260275113221228,37.999736828597236]]]}"
00000000000000000000_20220812T112119_20220812T112117_T29SNC,0.11470568721643298,0.009813597963016485,2022-08-12,,"{""type"":""Polygon"",""coordinates"":[[[-8.260275113221228,37.999736828597236],[-8.260016476637192,37.99842137773497],[-8.259766773810266,37.99835895891955],[-8.256244058740004,37.999081329144566],[-8.2560211658702,37.99916161717505],[-8.252244277662427,37.99998649534219],[-8.252538614885793,38.00135103401573],[-8.256346656470892,38.00053944835966],[-8.260275113221228,37.999736828597236]]]}"
00000000000000000000_20220817T112131_20220817T112126_T29SNC,0.13511169780897303,0.012330768163950597,2022-08-17,,"{""type"":""Polygon"",""coordinates"":[[[-8.260275113221228,37.999736828597236],[-8.260016476637192,37.99842137773497],[-8.259766773810266,37.99835895891955],[-8.256244058740004,37.999081329144566],[-8.2560211658702,37.99916161717505],[-8.252244277662427,37.99998649534219],[-8.252538614885793,38.00135103401573],[-8.256346656470892,38.00053944835966],[-8.260275113221228,37.999736828597236]]]}"
00000000000000000000_20220822T112119_20220822T112114_T29SNC,0.1286495049175119,0.01225387803601948,2022-08-22,,"{""type"":""Polygon"",""coordinates"":[[[-8.260275113221228,37.999736828597236],[-8.260016476637192,37.99842137773497],[-8.259766773810266,37.99835895891955],[-8.256244058740004,37.999081329144566],[-8.2560211658702,37.99916161717505],[-8.252244277662427,37.99998649534219],[-8.252538614885793,38.00135103401573],[-8.256346656470892,38.00053944835966],[-8.260275113221228,37.999736828597236]]]}"
00000000000000000000_20220827T112131_20220827T112817_T29SNC,0.14068688129542548,0.012814478194980456,2022-08-27,,"{""type"":""Polygon"",""coordinates"":[[[-8.260275113221228,37.999736828597236],[-8.260016476637192,37.99842137773497],[-8.259766773810266,37.99835895891955],[-8.256244058740004,37.999081329144566],[-8.2560211658702,37.99916161717505],[-8.252244277662427,37.99998649534219],[-8.252538614885793,38.00135103401573],[-8.256346656470892,38.00053944835966],[-8.260275113221228,37.999736828597236]]]}"
00000000000000000000_20220906T112131_20220906T112125_T29SNC,0.12901778249176074,0.015619126075190415,2022-09-06,,"{""type"":""Polygon"",""coordinates"":[[[-8.260275113221228,37.999736828597236],[-8.260016476637192,37.99842137773497],[-8.259766773810266,37.99835895891955],[-8.256244058740004,37.999081329144566],[-8.2560211658702,37.99916161717505],[-8.252244277662427,37.99998649534219],[-8.252538614885793,38.00135103401573],[-8.256346656470892,38.00053944835966],[-8.260275113221228,37.999736828597236]]]}"
00000000000000000000_20220911T112119_20220911T112954_T29SNC,0.12926589529774787,0.012635210929167844,2022-09-11,,"{""type"":""Polygon"",""coordinates"":[[[-8.260275113221228,37.999736828597236],[-8.260016476637192,37.99842137773497],[-8.259766773810266,37.99835895891955],[-8.256244058740004,37.999081329144566],[-8.2560211658702,37.99916161717505],[-8.252244277662427,37.99998649534219],[-8.252538614885793,38.00135103401573],[-8.256346656470892,38.00053944835966],[-8.260275113221228,37.999736828597236]]]}"
00000000000000000000_20220926T112121_20220926T112411_T29SNC,0.1491921559169002,0.024439440739874686,2022-09-26,,"{""type"":""Polygon"",""coordinates"":[[[-8.260275113221228,37.999736828597236],[-8.260016476637192,37.99842137773497],[-8.259766773810266,37.99835895891955],[-8.256244058740004,37.999081329144566],[-8.2560211658702,37.99916161717505],[-8.252244277662427,37.99998649534219],[-8.252538614885793,38.00135103401573],[-8.256346656470892,38.00053944835966],[-8.260275113221228,37.999736828597236]]]}"
00000000000000000000_20221001T112109_20221001T112731_T29SNC,0.16061849512147303,0.023658642918683248,2022-10-01,,"{""type"":""Polygon"",""coordinates"":[[[-8.260275113221228,37.999736828597236],[-8.260016476637192,37.99842137773497],[-8.259766773810266,37.99835895891955],[-8.256244058740004,37.999081329144566],[-8.2560211658702,37.99916161717505],[-8.252244277662427,37.99998649534219],[-8.252538614885793,38.00135103401573],[-8.256346656470892,38.00053944835966],[-8.260275113221228,37.999736828597236]]]}"
00000000000000000000_20221105T112241_20221105T113015_T29SNC,0.2000399714825462,0.0449024877815803,2022-11-05,,"{""type"":""Polygon"",""coordinates"":[[[-8.260275113221228,37.999736828597236],[-8.260016476637192,37.99842137773497],[-8.259766773810266,37.99835895891955],[-8.256244058740004,37.999081329144566],[-8.2560211658702,37.99916161717505],[-8.252244277662427,37.99998649534219],[-8.252538614885793,38.00135103401573],[-8.256346656470892,38.00053944835966],[-8.260275113221228,37.999736828597236]]]}"
00000000000000000000_20221110T112209_20221110T112210_T29SNC,0.1785707895414593,0.04737703849593718,2022-11-10,,"{""type"":""Polygon"",""coordinates"":[[[-8.260275113221228,37.999736828597236],[-8.260016476637192,37.99842137773497],[-8.259766773810266,37.99835895891955],[-8.256244058740004,37.999081329144566],[-8.2560211658702,37.99916161717505],[-8.252244277662427,37.99998649534219],[-8.252538614885793,38.00135103401573],[-8.256346656470892,38.00053944835966],[-8.260275113221228,37.999736828597236]]]}"
00000000000000000000_20221125T112411_20221125T112409_T29SNC,0.15735441030426142,0.06468470277149486,2022-11-25,,"{""type"":""Polygon"",""coordinates"":[[[-8.260275113221228,37.999736828597236],[-8.260016476637192,37.99842137773497],[-8.259766773810266,37.99835895891955],[-8.256244058740004,37.999081329144566],[-8.2560211658702,37.99916161717505],[-8.252244277662427,37.99998649534219],[-8.252538614885793,38.00135103401573],[-8.256346656470892,38.00053944835966],[-8.260275113221228,37.999736828597236]]]}"
00000000000000000000_20221215T112501_20221215T112456_T29SNC,0.142554509449825,0.06425394393910626,2022-12-15,,"{""type"":""Polygon"",""coordinates"":[[[-8.260275113221228,37.999736828597236],[-8.260016476637192,37.99842137773497],[-8.259766773810266,37.99835895891955],[-8.256244058740004,37.999081329144566],[-8.2560211658702,37.99916161717505],[-8.252244277662427,37.99998649534219],[-8.252538614885793,38.00135103401573],[-8.256346656470892,38.00053944835966],[-8.260275113221228,37.999736828597236]]]}"
00000000000000000000_20230104T112451_20230104T112448_T29SNC,0.25753118583769424,0.05490318634783832,2023-01-04,,"{""type"":""Polygon"",""coordinates"":[[[-8.260275113221228,37.999736828597236],[-8.260016476637192,37.99842137773497],[-8.259766773810266,37.99835895891955],[-8.256244058740004,37.999081329144566],[-8.2560211658702,37.99916161717505],[-8.252244277662427,37.99998649534219],[-8.252538614885793,38.00135103401573],[-8.256346656470892,38.00053944835966],[-8.260275113221228,37.999736828597236]]]}"
00000000000000000000_20230124T112341_20230124T112402_T29SNC,0.4079214287915369,0.07038982170395931,2023-01-24,,"{""type"":""Polygon"",""coordinates"":[[[-8.260275113221228,37.999736828597236],[-8.260016476637192,37.99842137773497],[-8.259766773810266,37.99835895891955],[-8.256244058740004,37.999081329144566],[-8.2560211658702,37.99916161717505],[-8.252244277662427,37.99998649534219],[-8.252538614885793,38.00135103401573],[-8.256346656470892,38.00053944835966],[-8.260275113221228,37.999736828597236]]]}"
00000000000000000000_20230129T112229_20230129T112223_T29SNC,0.41232564823776263,0.07189195630200557,2023-01-29,,"{""type"":""Polygon"",""coordinates"":[[[-8.260275113221228,37.999736828597236],[-8.260016476637192,37.99842137773497],[-8.259766773810266,37.99835895891955],[-8.256244058740004,37.999081329144566],[-8.2560211658702,37.99916161717505],[-8.252244277662427,37.99998649534219],[-8.252538614885793,38.00135103401573],[-8.256346656470892,38.00053944835966],[-8.260275113221228,37.999736828597236]]]}"
00000000000000000000_20230203T112301_20230203T113027_T29SNC,0.4179956861673865,0.07014824921357836,2023-02-03,,"{""type"":""Polygon"",""coordinates"":[[[-8.260275113221228,37.999736828597236],[-8.260016476637192,37.99842137773497],[-8.259766773810266,37.99835895891955],[-8.256244058740004,37.999081329144566],[-8.2560211658702,37.99916161717505],[-8.252244277662427,37.99998649534219],[-8.252538614885793,38.00135103401573],[-8.256346656470892,38.00053944835966],[-8.260275113221228,37.999736828597236]]]}"
00000000000000000000_20230223T112111_20230223T112531_T29SNC,0.49966544905050403,0.07777093939421814,2023-02-23,,"{""type"":""Polygon"",""coordinates"":[[[-8.260275113221228,37.999736828597236],[-8.260016476637192,37.99842137773497],[-8.259766773810266,37.99835895891955],[-8.256244058740004,37.999081329144566],[-8.2560211658702,37.99916161717505],[-8.252244277662427,37.99998649534219],[-8.252538614885793,38.00135103401573],[-8.256346656470892,38.00053944835966],[-8.260275113221228,37.999736828597236]]]}"
00000000000000000000_20230315T112111_20230315T112415_T29SNC,0.5919044987832361,0.07471158572540171,2023-03-15,,"{""type"":""Polygon"",""coordinates"":[[[-8.260275113221228,37.999736828597236],[-8.260016476637192,37.99842137773497],[-8.259766773810266,37.99835895891955],[-8.256244058740004,37.999081329144566],[-8.2560211658702,37.99916161717505],[-8.252244277662427,37.99998649534219],[-8.252538614885793,38.00135103401573],[-8.256346656470892,38.00053944835966],[-8.260275113221228,37.999736828597236]]]}"
00000000000000000000_20230320T112119_20230320T112833_T29SNC,0.5849624086520282,0.07850726252122923,2023-03-20,,"{""type"":""Polygon"",""coordinates"":[[[-8.260275113221228,37.999736828597236],[-8.260016476637192,37.99842137773497],[-8.259766773810266,37.99835895891955],[-8.256244058740004,37.999081329144566],[-8.2560211658702,37.99916161717505],[-8.252244277662427,37.99998649534219],[-8.252538614885793,38.00135103401573],[-8.256346656470892,38.00053944835966],[-8.260275113221228,37.999736828597236]]]}"
00000000000000000000_20230325T112111_20230325T112155_T29SNC,0.5626737633146465,0.08937008437399813,2023-03-25,,"{""type"":""Polygon"",""coordinates"":[[[-8.260275113221228,37.999736828597236],[-8.260016476637192,37.99842137773497],[-8.259766773810266,37.99835895891955],[-8.256244058740004,37.999081329144566],[-8.2560211658702,37.99916161717505],[-8.252244277662427,37.99998649534219],[-8.252538614885793,38.00135103401573],[-8.256346656470892,38.00053944835966],[-8.260275113221228,37.999736828597236]]]}"
00000000000000000000_20230330T112119_20230330T113047_T29SNC,0.5345844152106038,0.07143799811577363,2023-03-30,,"{""type"":""Polygon"",""coordinates"":[[[-8.260275113221228,37.999736828597236],[-8.260016476637192,37.99842137773497],[-8.259766773810266,37.99835895891955],[-8.256244058740004,37.999081329144566],[-8.2560211658702,37.99916161717505],[-8.252244277662427,37.99998649534219],[-8.252538614885793,38.00135103401573],[-8.256346656470892,38.00053944835966],[-8.260275113221228,37.999736828597236]]]}"
00000000000000000000_20230409T112119_20230409T112115_T29SNC,0.3868025382607683,0.048427796977074014,2023-04-09,,"{""type"":""Polygon"",""coordinates"":[[[-8.260275113221228,37.999736828597236],[-8.260016476637192,37.99842137773497],[-8.259766773810266,37.99835895891955],[-8.256244058740004,37.999081329144566],[-8.2560211658702,37.99916161717505],[-8.252244277662427,37.99998649534219],[-8.252538614885793,38.00135103401573],[-8.256346656470892,38.00053944835966],[-8.260275113221228,37.999736828597236]]]}"
00000000000000000000_20230414T112111_20230414T112113_T29SNC,0.389191451038072,0.06826141195047447,2023-04-14,,"{""type"":""Polygon"",""coordinates"":[[[-8.260275113221228,37.999736828597236],[-8.260016476637192,37.99842137773497],[-8.259766773810266,37.99835895891955],[-8.256244058740004,37.999081329144566],[-8.2560211658702,37.99916161717505],[-8.252244277662427,37.99998649534219],[-8.252538614885793,38.00135103401573],[-8.256346656470892,38.00053944835966],[-8.260275113221228,37.999736828597236]]]}"
00000000000000000000_20230419T112119_20230419T112115_T29SNC,0.2969447462029547,0.04538477698481434,2023-04-19,,"{""type"":""Polygon"",""coordinates"":[[[-8.260275113221228,37.999736828597236],[-8.260016476637192,37.99842137773497],[-8.259766773810266,37.99835895891955],[-8.256244058740004,37.999081329144566],[-8.2560211658702,37.99916161717505],[-8.252244277662427,37.99998649534219],[-8.252538614885793,38.00135103401573],[-8.256346656470892,38.00053944835966],[-8.260275113221228,37.999736828597236]]]}"
00000000000000000000_20230424T112111_20230424T112112_T29SNC,0.21756886556301866,0.03697968806443388,2023-04-24,,"{""type"":""Polygon"",""coordinates"":[[[-8.260275113221228,37.999736828597236],[-8.260016476637192,37.99842137773497],[-8.259766773810266,37.99835895891955],[-8.256244058740004,37.999081329144566],[-8.2560211658702,37.99916161717505],[-8.252244277662427,37.99998649534219],[-8.252538614885793,38.00135103401573],[-8.256346656470892,38.00053944835966],[-8.260275113221228,37.999736828597236]]]}"
00000000000000000000_20230504T112111_20230504T112113_T29SNC,0.1674964121586273,0.03981468955212721,2023-05-04,,"{""type"":""Polygon"",""coordinates"":[[[-8.260275113221228,37.999736828597236],[-8.260016476637192,37.99842137773497],[-8.259766773810266,37.99835895891955],[-8.256244058740004,37.999081329144566],[-8.2560211658702,37.99916161717505],[-8.252244277662427,37.99998649534219],[-8.252538614885793,38.00135103401573],[-8.256346656470892,38.00053944835966],[-8.260275113221228,37.999736828597236]]]}"
00000000000000000000_20230514T112111_20230514T112113_T29SNC,0.11379703789950676,0.020241294754457274,2023-05-14,,"{""type"":""Polygon"",""coordinates"":[[[-8.260275113221228,37.999736828597236],[-8.260016476637192,37.99842137773497],[-8.259766773810266,37.99835895891955],[-8.256244058740004,37.999081329144566],[-8.2560211658702,37.99916161717505],[-8.252244277662427,37.99998649534219],[-8.252538614885793,38.00135103401573],[-8.256346656470892,38.00053944835966],[-8.260275113221228,37.999736828597236]]]}"
00000000000000000000_20230519T112119_20230519T112118_T29SNC,0.12444888203130486,0.014378213716980564,2023-05-19,,"{""type"":""Polygon"",""coordinates"":[[[-8.260275113221228,37.999736828597236],[-8.260016476637192,37.99842137773497],[-8.259766773810266,37.99835895891955],[-8.256244058740004,37.999081329144566],[-8.2560211658702,37.99916161717505],[-8.252244277662427,37.99998649534219],[-8.252538614885793,38.00135103401573],[-8.256346656470892,38.00053944835966],[-8.260275113221228,37.999736828597236]]]}"
00000000000000000000_20230623T112121_20230623T112116_T29SNC,0.0823755433290963,0.014878685288918198,2023-06-23,,"{""type"":""Polygon"",""coordinates"":[[[-8.260275113221228,37.999736828597236],[-8.260016476637192,37.99842137773497],[-8.259766773810266,37.99835895891955],[-8.256244058740004,37.999081329144566],[-8.2560211658702,37.99916161717505],[-8.252244277662427,37.99998649534219],[-8.252538614885793,38.00135103401573],[-8.256346656470892,38.00053944835966],[-8.260275113221228,37.999736828597236]]]}"
00000000000000000000_20230628T112119_20230628T112118_T29SNC,0.08869907163941836,0.01803647731851602,2023-06-28,,"{""type"":""Polygon"",""coordinates"":[[[-8.260275113221228,37.999736828597236],[-8.260016476637192,37.99842137773497],[-8.259766773810266,37.99835895891955],[-8.256244058740004,37.999081329144566],[-8.2560211658702,37.99916161717505],[-8.252244277662427,37.99998649534219],[-8.252538614885793,38.00135103401573],[-8.256346656470892,38.00053944835966],[-8.260275113221228,37.999736828597236]]]}"
00000000000000000000_20230703T112121_20230703T112118_T29SNC,0.07883246681631177,0.015782565701959593,2023-07-03,,"{""type"":""Polygon"",""coordinates"":[[[-8.260275113221228,37.999736828597236],[-8.260016476637192,37.99842137773497],[-8.259766773810266,37.99835895891955],[-8.256244058740004,37.999081329144566],[-8.2560211658702,37.99916161717505],[-8.252244277662427,37.99998649534219],[-8.252538614885793,38.00135103401573],[-8.256346656470892,38.00053944835966],[-8.260275113221228,37.999736828597236]]]}"
00000000000000000000_20230713T112121_20230713T112520_T29SNC,0.0777573419169734,0.01708503862915137,2023-07-13,,"{""type"":""Polygon"",""coordinates"":[[[-8.260275113221228,37.999736828597236],[-8.260016476637192,37.99842137773497],[-8.259766773810266,37.99835895891955],[-8.256244058740004,37.999081329144566],[-8.2560211658702,37.99916161717505],[-8.252244277662427,37.99998649534219],[-8.252538614885793,38.00135103401573],[-8.256346656470892,38.00053944835966],[-8.260275113221228,37.999736828597236]]]}"
00000000000000000000_20230723T112121_20230723T112117_T29SNC,0.08702377477728715,0.014340366308694718,2023-07-23,,"{""type"":""Polygon"",""coordinates"":[[[-8.260275113221228,37.999736828597236],[-8.260016476637192,37.99842137773497],[-8.259766773810266,37.99835895891955],[-8.256244058740004,37.999081329144566],[-8.2560211658702,37.99916161717505],[-8.252244277662427,37.99998649534219],[-8.252538614885793,38.00135103401573],[-8.256346656470892,38.00053944835966],[-8.260275113221228,37.999736828597236]]]}"
00000000000000000000_20230728T112119_20230728T112118_T29SNC,0.07886221691355876,0.016658762565956442,2023-07-28,,"{""type"":""Polygon"",""coordinates"":[[[-8.260275113221228,37.999736828597236],[-8.260016476637192,37.99842137773497],[-8.259766773810266,37.99835895891955],[-8.256244058740004,37.999081329144566],[-8.2560211658702,37.99916161717505],[-8.252244277662427,37.99998649534219],[-8.252538614885793,38.00135103401573],[-8.256346656470892,38.00053944835966],[-8.260275113221228,37.999736828597236]]]}"
00000000000000000000_20230807T112119_20230807T112118_T29SNC,0.09455122823319866,0.012286787518604477,2023-08-07,,"{""type"":""Polygon"",""coordinates"":[[[-8.260275113221228,37.999736828597236],[-8.260016476637192,37.99842137773497],[-8.259766773810266,37.99835895891955],[-8.256244058740004,37.999081329144566],[-8.2560211658702,37.99916161717505],[-8.252244277662427,37.99998649534219],[-8.252538614885793,38.00135103401573],[-8.256346656470892,38.00053944835966],[-8.260275113221228,37.999736828597236]]]}"
00000000000000000000_20230812T112121_20230812T112234_T29SNC,0.08554122071702037,0.014085217822979178,2023-08-12,,"{""type"":""Polygon"",""coordinates"":[[[-8.260275113221228,37.999736828597236],[-8.260016476637192,37.99842137773497],[-8.259766773810266,37.99835895891955],[-8.256244058740004,37.999081329144566],[-8.2560211658702,37.99916161717505],[-8.252244277662427,37.99998649534219],[-8.252538614885793,38.00135103401573],[-8.256346656470892,38.00053944835966],[-8.260275113221228,37.999736828597236]]]}"
00000000000000000000_20230817T112119_20230817T112816_T29SNC,0.08735551875181242,0.014791882906750133,2023-08-17,,"{""type"":""Polygon"",""coordinates"":[[[-8.260275113221228,37.999736828597236],[-8.260016476637192,37.99842137773497],[-8.259766773810266,37.99835895891955],[-8.256244058740004,37.999081329144566],[-8.2560211658702,37.99916161717505],[-8.252244277662427,37.99998649534219],[-8.252538614885793,38.00135103401573],[-8.256346656470892,38.00053944835966],[-8.260275113221228,37.999736828597236]]]}"
00000000000000000000_20230822T112121_20230822T112720_T29SNC,0.07842316315349,0.012990852292211192,2023-08-22,,"{""type"":""Polygon"",""coordinates"":[[[-8.260275113221228,37.999736828597236],[-8.260016476637192,37.99842137773497],[-8.259766773810266,37.99835895891955],[-8.256244058740004,37.999081329144566],[-8.2560211658702,37.99916161717505],[-8.252244277662427,37.99998649534219],[-8.252538614885793,38.00135103401573],[-8.256346656470892,38.00053944835966],[-8.260275113221228,37.999736828597236]]]}"
00000000000000000000_20230827T112119_20230827T112117_T29SNC,0.09625969002496215,0.013475865815415246,2023-08-27,,"{""type"":""Polygon"",""coordinates"":[[[-8.260275113221228,37.999736828597236],[-8.260016476637192,37.99842137773497],[-8.259766773810266,37.99835895891955],[-8.256244058740004,37.999081329144566],[-8.2560211658702,37.99916161717505],[-8.252244277662427,37.99998649534219],[-8.252538614885793,38.00135103401573],[-8.256346656470892,38.00053944835966],[-8.260275113221228,37.999736828597236]]]}"
00000000000000000000_20230901T112121_20230901T112426_T29SNC,0.08047455478352887,0.014707942185321015,2023-09-01,,"{""type"":""Polygon"",""coordinates"":[[[-8.260275113221228,37.999736828597236],[-8.260016476637192,37.99842137773497],[-8.259766773810266,37.99835895891955],[-8.256244058740004,37.999081329144566],[-8.2560211658702,37.99916161717505],[-8.252244277662427,37.99998649534219],[-8.252538614885793,38.00135103401573],[-8.256346656470892,38.00053944835966],[-8.260275113221228,37.999736828597236]]]}"
00000000000000000000_20230926T112119_20230926T112608_T29SNC,0.07625038332114097,0.017648853198858633,2023-09-26,,"{""type"":""Polygon"",""coordinates"":[[[-8.260275113221228,37.999736828597236],[-8.260016476637192,37.99842137773497],[-8.259766773810266,37.99835895891955],[-8.256244058740004,37.999081329144566],[-8.2560211658702,37.99916161717505],[-8.252244277662427,37.99998649534219],[-8.252538614885793,38.00135103401573],[-8.256346656470892,38.00053944835966],[-8.260275113221228,37.999736828597236]]]}"
00000000000000000000_20231001T112121_20231001T112716_T29SNC,0.08777312590829749,0.01890699814811811,2023-10-01,,"{""type"":""Polygon"",""coordinates"":[[[-8.260275113221228,37.999736828597236],[-8.260016476637192,37.99842137773497],[-8.259766773810266,37.99835895891955],[-8.256244058740004,37.999081329144566],[-8.2560211658702,37.99916161717505],[-8.252244277662427,37.99998649534219],[-8.252538614885793,38.00135103401573],[-8.256346656470892,38.00053944835966],[-8.260275113221228,37.999736828597236]]]}"
00000000000000000000_20231006T112119_20231006T112113_T29SNC,0.08448722932205692,0.018287905812863547,2023-10-06,,"{""type"":""Polygon"",""coordinates"":[[[-8.260275113221228,37.999736828597236],[-8.260016476637192,37.99842137773497],[-8.259766773810266,37.99835895891955],[-8.256244058740004,37.999081329144566],[-8.2560211658702,37.99916161717505],[-8.252244277662427,37.99998649534219],[-8.252538614885793,38.00135103401573],[-8.256346656470892,38.00053944835966],[-8.260275113221228,37.999736828597236]]]}"
00000000000000000000_20231011T112111_20231011T112813_T29SNC,0.0846076883039097,0.018087514874738336,2023-10-11,,"{""type"":""Polygon"",""coordinates"":[[[-8.260275113221228,37.999736828597236],[-8.260016476637192,37.99842137773497],[-8.259766773810266,37.99835895891955],[-8.256244058740004,37.999081329144566],[-8.2560211658702,37.99916161717505],[-8.252244277662427,37.99998649534219],[-8.252538614885793,38.00135103401573],[-8.256346656470892,38.00053944835966],[-8.260275113221228,37.999736828597236]]]}"
00000000000000000000_20231125T112309_20231125T112312_T29SNC,0.2584523999410149,0.06064639724204901,2023-11-25,,"{""type"":""Polygon"",""coordinates"":[[[-8.260275113221228,37.999736828597236],[-8.260016476637192,37.99842137773497],[-8.259766773810266,37.99835895891955],[-8.256244058740004,37.999081329144566],[-8.2560211658702,37.99916161717505],[-8.252244277662427,37.99998649534219],[-8.252538614885793,38.00135103401573],[-8.256346656470892,38.00053944835966],[-8.260275113221228,37.999736828597236]]]}"
00000000000000000000_20231230T112501_20231230T112455_T29SNC,0.327876808652906,0.06659043062701628,2023-12-30,,"{""type"":""Polygon"",""coordinates"":[[[-8.260275113221228,37.999736828597236],[-8.260016476637192,37.99842137773497],[-8.259766773810266,37.99835895891955],[-8.256244058740004,37.999081329144566],[-8.2560211658702,37.99916161717505],[-8.252244277662427,37.99998649534219],[-8.252538614885793,38.00135103401573],[-8.256346656470892,38.00053944835966],[-8.260275113221228,37.999736828597236]]]}"
00000000000000000000_20240124T112249_20240124T112250_T29SNC,0.31655952123370934,0.08445042163554178,2024-01-24,,"{""type"":""Polygon"",""coordinates"":[[[-8.260275113221228,37.999736828597236],[-8.260016476637192,37.99842137773497],[-8.259766773810266,37.99835895891955],[-8.256244058740004,37.999081329144566],[-8.2560211658702,37.99916161717505],[-8.252244277662427,37.99998649534219],[-8.252538614885793,38.00135103401573],[-8.256346656470892,38.00053944835966],[-8.260275113221228,37.999736828597236]]]}"
00000000000000000000_20240203T112159_20240203T112158_T29SNC,0.3122806561290748,0.06893592503972672,2024-02-03,,"{""type"":""Polygon"",""coordinates"":[[[-8.260275113221228,37.999736828597236],[-8.260016476637192,37.99842137773497],[-8.259766773810266,37.99835895891955],[-8.256244058740004,37.999081329144566],[-8.2560211658702,37.99916161717505],[-8.252244277662427,37.99998649534219],[-8.252538614885793,38.00135103401573],[-8.256346656470892,38.00053944835966],[-8.260275113221228,37.999736828597236]]]}"
00000000000000000000_20240228T112111_20240228T112446_T29SNC,0.33701466547282366,0.060348913624184215,2024-02-28,,"{""type"":""Polygon"",""coordinates"":[[[-8.260275113221228,37.999736828597236],[-8.260016476637192,37.99842137773497],[-8.259766773810266,37.99835895891955],[-8.256244058740004,37.999081329144566],[-8.2560211658702,37.99916161717505],[-8.252244277662427,37.99998649534219],[-8.252538614885793,38.00135103401573],[-8.256346656470892,38.00053944835966],[-8.260275113221228,37.999736828597236]]]}"
00000000000000000000_20240413T112119_20240413T112113_T29SNC,0.3438149487924042,0.05305334561296505,2024-04-13,,"{""type"":""Polygon"",""coordinates"":[[[-8.260275113221228,37.999736828597236],[-8.260016476637192,37.99842137773497],[-8.259766773810266,37.99835895891955],[-8.256244058740004,37.999081329144566],[-8.2560211658702,37.99916161717505],[-8.252244277662427,37.99998649534219],[-8.252538614885793,38.00135103401573],[-8.256346656470892,38.00053944835966],[-8.260275113221228,37.999736828597236]]]}"
00000000000000000000_20240418T112121_20240418T112116_T29SNC,0.33940588823208945,0.05764866982996642,2024-04-18,,"{""type"":""Polygon"",""coordinates"":[[[-8.260275113221228,37.999736828597236],[-8.260016476637192,37.99842137773497],[-8.259766773810266,37.99835895891955],[-8.256244058740004,37.999081329144566],[-8.2560211658702,37.99916161717505],[-8.252244277662427,37.99998649534219],[-8.252538614885793,38.00135103401573],[-8.256346656470892,38.00053944835966],[-8.260275113221228,37.999736828597236]]]}"
00000000000000000000_20240423T112109_20240423T112112_T29SNC,0.3576659818107181,0.05515519144414921,2024-04-23,,"{""type"":""Polygon"",""coordinates"":[[[-8.260275113221228,37.999736828597236],[-8.260016476637192,37.99842137773497],[-8.259766773810266,37.99835895891955],[-8.256244058740004,37.999081329144566],[-8.2560211658702,37.99916161717505],[-8.252244277662427,37.99998649534219],[-8.252538614885793,38.00135103401573],[-8.256346656470892,38.00053944835966],[-8.260275113221228,37.999736828597236]]]}"
00000000000000000000_20240528T112121_20240528T113016_T29SNC,0.12707746347903806,0.017228119890546043,2024-05-28,,"{""type"":""Polygon"",""coordinates"":[[[-8.260275113221228,37.999736828597236],[-8.260016476637192,37.99842137773497],[-8.259766773810266,37.99835895891955],[-8.256244058740004,37.999081329144566],[-8.2560211658702,37.99916161717505],[-8.252244277662427,37.99998649534219],[-8.252538614885793,38.00135103401573],[-8.256346656470892,38.00053944835966],[-8.260275113221228,37.999736828597236]]]}"
00000000000000000000_20240602T112119_20240602T112114_T29SNC,0.11727091877038653,0.014767714270154988,2024-06-02,,"{""type"":""Polygon"",""coordinates"":[[[-8.260275113221228,37.999736828597236],[-8.260016476637192,37.99842137773497],[-8.259766773810266,37.99835895891955],[-8.256244058740004,37.999081329144566],[-8.2560211658702,37.99916161717505],[-8.252244277662427,37.99998649534219],[-8.252538614885793,38.00135103401573],[-8.256346656470892,38.00053944835966],[-8.260275113221228,37.999736828597236]]]}"
00000000000000000000_20240612T112119_20240612T112116_T29SNC,0.1272656322043117,0.01546527946593292,2024-06-12,,"{""type"":""Polygon"",""coordinates"":[[[-8.260275113221228,37.999736828597236],[-8.260016476637192,37.99842137773497],[-8.259766773810266,37.99835895891955],[-8.256244058740004,37.999081329144566],[-8.2560211658702,37.99916161717505],[-8.252244277662427,37.99998649534219],[-8.252538614885793,38.00135103401573],[-8.256346656470892,38.00053944835966],[-8.260275113221228,37.999736828597236]]]}"
00000000000000000000_20240617T112121_20240617T112119_T29SNC,0.12313443490974162,0.015278896884856766,2024-06-17,,"{""type"":""Polygon"",""coordinates"":[[[-8.260275113221228,37.999736828597236],[-8.260016476637192,37.99842137773497],[-8.259766773810266,37.99835895891955],[-8.256244058740004,37.999081329144566],[-8.2560211658702,37.99916161717505],[-8.252244277662427,37.99998649534219],[-8.252538614885793,38.00135103401573],[-8.256346656470892,38.00053944835966],[-8.260275113221228,37.999736828597236]]]}"
00000000000000000000_20240622T112119_20240622T112115_T29SNC,0.12971532488682422,0.01354040397561676,2024-06-22,,"{""type"":""Polygon"",""coordinates"":[[[-8.260275113221228,37.999736828597236],[-8.260016476637192,37.99842137773497],[-8.259766773810266,37.99835895891955],[-8.256244058740004,37.999081329144566],[-8.2560211658702,37.99916161717505],[-8.252244277662427,37.99998649534219],[-8.252538614885793,38.00135103401573],[-8.256346656470892,38.00053944835966],[-8.260275113221228,37.999736828597236]]]}"
00000000000000000000_20240702T112119_20240702T112818_T29SNC,0.13101144042994073,0.014230593147372317,2024-07-02,,"{""type"":""Polygon"",""coordinates"":[[[-8.260275113221228,37.999736828597236],[-8.260016476637192,37.99842137773497],[-8.259766773810266,37.99835895891955],[-8.256244058740004,37.999081329144566],[-8.2560211658702,37.99916161717505],[-8.252244277662427,37.99998649534219],[-8.252538614885793,38.00135103401573],[-8.256346656470892,38.00053944835966],[-8.260275113221228,37.999736828597236]]]}"
00000000000000000000_20240707T112121_20240707T112127_T29SNC,0.13847327750338023,0.015317734506311376,2024-07-07,,"{""type"":""Polygon"",""coordinates"":[[[-8.260275113221228,37.999736828597236],[-8.260016476637192,37.99842137773497],[-8.259766773810266,37.99835895891955],[-8.256244058740004,37.999081329144566],[-8.2560211658702,37.99916161717505],[-8.252244277662427,37.99998649534219],[-8.252538614885793,38.00135103401573],[-8.256346656470892,38.00053944835966],[-8.260275113221228,37.999736828597236]]]}"
00000000000000000000_20240712T112119_20240712T112741_T29SNC,0.13795239476277296,0.015550468151687803,2024-07-12,,"{""type"":""Polygon"",""coordinates"":[[[-8.260275113221228,37.999736828597236],[-8.260016476637192,37.99842137773497],[-8.259766773810266,37.99835895891955],[-8.256244058740004,37.999081329144566],[-8.2560211658702,37.99916161717505],[-8.252244277662427,37.99998649534219],[-8.252538614885793,38.00135103401573],[-8.256346656470892,38.00053944835966],[-8.260275113221228,37.999736828597236]]]}"
00000000000000000000_20240717T112111_20240717T112128_T29SNC,0.14133396362816328,0.01628194722108372,2024-07-17,,"{""type"":""Polygon"",""coordinates"":[[[-8.260275113221228,37.999736828597236],[-8.260016476637192,37.99842137773497],[-8.259766773810266,37.99835895891955],[-8.256244058740004,37.999081329144566],[-8.2560211658702,37.99916161717505],[-8.252244277662427,37.99998649534219],[-8.252538614885793,38.00135103401573],[-8.256346656470892,38.00053944835966],[-8.260275113221228,37.999736828597236]]]}"
00000000000000000000_20240722T112119_20240722T112337_T29SNC,0.1349362255645195,0.01701309035421651,2024-07-22,,"{""type"":""Polygon"",""coordinates"":[[[-8.260275113221228,37.999736828597236],[-8.260016476637192,37.99842137773497],[-8.259766773810266,37.99835895891955],[-8.256244058740004,37.999081329144566],[-8.2560211658702,37.99916161717505],[-8.252244277662427,37.99998649534219],[-8.252538614885793,38.00135103401573],[-8.256346656470892,38.00053944835966],[-8.260275113221228,37.999736828597236]]]}"
00000000000000000000_20240727T112121_20240727T112908_T29SNC,0.13395101549209512,0.01785166764510151,2024-07-27,,"{""type"":""Polygon"",""coordinates"":[[[-8.260275113221228,37.999736828597236],[-8.260016476637192,37.99842137773497],[-8.259766773810266,37.99835895891955],[-8.256244058740004,37.999081329144566],[-8.2560211658702,37.99916161717505],[-8.252244277662427,37.99998649534219],[-8.252538614885793,38.00135103401573],[-8.256346656470892,38.00053944835966],[-8.260275113221228,37.999736828597236]]]}"
00000000000000000000_20240801T112119_20240801T112113_T29SNC,0.14607257219977943,0.01954570956144314,2024-08-01,,"{""type"":""Polygon"",""coordinates"":[[[-8.260275113221228,37.999736828597236],[-8.260016476637192,37.99842137773497],[-8.259766773810266,37.99835895891955],[-8.256244058740004,37.999081329144566],[-8.2560211658702,37.99916161717505],[-8.252244277662427,37.99998649534219],[-8.252538614885793,38.00135103401573],[-8.256346656470892,38.00053944835966],[-8.260275113221228,37.999736828597236]]]}"
00000000000000000000_20240806T112111_20240806T112425_T29SNC,0.15022004303771974,0.016865520650891773,2024-08-06,,"{""type"":""Polygon"",""coordinates"":[[[-8.260275113221228,37.999736828597236],[-8.260016476637192,37.99842137773497],[-8.259766773810266,37.99835895891955],[-8.256244058740004,37.999081329144566],[-8.2560211658702,37.99916161717505],[-8.252244277662427,37.99998649534219],[-8.252538614885793,38.00135103401573],[-8.256346656470892,38.00053944835966],[-8.260275113221228,37.999736828597236]]]}"
00000000000000000000_20240811T112119_20240811T112121_T29SNC,0.14139555441570228,0.015440043864842214,2024-08-11,,"{""type"":""Polygon"",""coordinates"":[[[-8.260275113221228,37.999736828597236],[-8.260016476637192,37.99842137773497],[-8.259766773810266,37.99835895891955],[-8.256244058740004,37.999081329144566],[-8.2560211658702,37.99916161717505],[-8.252244277662427,37.99998649534219],[-8.252538614885793,38.00135103401573],[-8.256346656470892,38.00053944835966],[-8.260275113221228,37.999736828597236]]]}"
00000000000000000000_20240816T112111_20240816T112845_T29SNC,0.1467280505796442,0.017100954341959573,2024-08-16,,"{""type"":""Polygon"",""coordinates"":[[[-8.260275113221228,37.999736828597236],[-8.260016476637192,37.99842137773497],[-8.259766773810266,37.99835895891955],[-8.256244058740004,37.999081329144566],[-8.2560211658702,37.99916161717505],[-8.252244277662427,37.99998649534219],[-8.252538614885793,38.00135103401573],[-8.256346656470892,38.00053944835966],[-8.260275113221228,37.999736828597236]]]}"
00000000000000000000_20240821T112119_20240821T113014_T29SNC,0.1422089795059597,0.017034083582012527,2024-08-21,,"{""type"":""Polygon"",""coordinates"":[[[-8.260275113221228,37.999736828597236],[-8.260016476637192,37.99842137773497],[-8.259766773810266,37.99835895891955],[-8.256244058740004,37.999081329144566],[-8.2560211658702,37.99916161717505],[-8.252244277662427,37.99998649534219],[-8.252538614885793,38.00135103401573],[-8.256346656470892,38.00053944835966],[-8.260275113221228,37.999736828597236]]]}"
00000000000000000000_20240910T112119_20240910T112935_T29SNC,0.1505795302233799,0.017085930037779373,2024-09-10,,"{""type"":""Polygon"",""coordinates"":[[[-8.260275113221228,37.999736828597236],[-8.260016476637192,37.99842137773497],[-8.259766773810266,37.99835895891955],[-8.256244058740004,37.999081329144566],[-8.2560211658702,37.99916161717505],[-8.252244277662427,37.99998649534219],[-8.252538614885793,38.00135103401573],[-8.256346656470892,38.00053944835966],[-8.260275113221228,37.999736828597236]]]}"
00000000000000000000_20240915T112111_20240915T112112_T29SNC,0.13039838837661497,0.01473611723077036,2024-09-15,,"{""type"":""Polygon"",""coordinates"":[[[-8.260275113221228,37.999736828597236],[-8.260016476637192,37.99842137773497],[-8.259766773810266,37.99835895891955],[-8.256244058740004,37.999081329144566],[-8.2560211658702,37.99916161717505],[-8.252244277662427,37.99998649534219],[-8.252538614885793,38.00135103401573],[-8.256346656470892,38.00053944835966],[-8.260275113221228,37.999736828597236]]]}"
00000000000000000000_20240930T112119_20240930T112114_T29SNC,0.14521916309965724,0.017233408092345692,2024-09-30,,"{""type"":""Polygon"",""coordinates"":[[[-8.260275113221228,37.999736828597236],[-8.260016476637192,37.99842137773497],[-8.259766773810266,37.99835895891955],[-8.256244058740004,37.999081329144566],[-8.2560211658702,37.99916161717505],[-8.252244277662427,37.99998649534219],[-8.252538614885793,38.00135103401573],[-8.256346656470892,38.00053944835966],[-8.260275113221228,37.999736828597236]]]}"
00000000000000000000_20241119T112259_20241119T112256_T29SNC,0.027996075572839688,0.005903883086224204,2024-11-19,,"{""type"":""Polygon"",""coordinates"":[[[-8.260275113221228,37.999736828597236],[-8.260016476637192,37.99842137773497],[-8.259766773810266,37.99835895891955],[-8.256244058740004,37.999081329144566],[-8.2560211658702,37.99916161717505],[-8.252244277662427,37.99998649534219],[-8.252538614885793,38.00135103401573],[-8.256346656470892,38.00053944835966],[-8.260275113221228,37.999736828597236]]]}"
00000000000000000000_20241209T112359_20241209T112443_T29SNC,0.38392452994862036,0.09033766424227804,2024-12-09,,"{""type"":""Polygon"",""coordinates"":[[[-8.260275113221228,37.999736828597236],[-8.260016476637192,37.99842137773497],[-8.259766773810266,37.99835895891955],[-8.256244058740004,37.999081329144566],[-8.2560211658702,37.99916161717505],[-8.252244277662427,37.99998649534219],[-8.252538614885793,38.00135103401573],[-8.256346656470892,38.00053944835966],[-8.260275113221228,37.999736828597236]]]}"
00000000000000000000_20241224T112501_20241224T112502_T29SNC,0.38189448024217654,0.09837164715168514,2024-12-24,,"{""type"":""Polygon"",""coordinates"":[[[-8.260275113221228,37.999736828597236],[-8.260016476637192,37.99842137773497],[-8.259766773810266,37.99835895891955],[-8.256244058740004,37.999081329144566],[-8.2560211658702,37.99916161717505],[-8.252244277662427,37.99998649534219],[-8.252538614885793,38.00135103401573],[-8.256346656470892,38.00053944835966],[-8.260275113221228,37.999736828597236]]]}"
00000000000000000000_20241229T112409_20241229T112722_T29SNC,0.3857751996511582,0.0974767988230792,2024-12-29,,"{""type"":""Polygon"",""coordinates"":[[[-8.260275113221228,37.999736828597236],[-8.260016476637192,37.99842137773497],[-8.259766773810266,37.99835895891955],[-8.256244058740004,37.999081329144566],[-8.2560211658702,37.99916161717505],[-8.252244277662427,37.99998649534219],[-8.252538614885793,38.00135103401573],[-8.256346656470892,38.00053944835966],[-8.260275113221228,37.999736828597236]]]}"
