system:index,NDWI_mean,NDWI_stdDev,date,feature_id,.geo
00000000000000000000_20200105T112349_20200105T112437_T29SNC,0.14162733882620643,0.11204099012265124,2020-01-05,,"{""type"":""Polygon"",""coordinates"":[[[-8.260275113221228,37.999736828597236],[-8.260016476637192,37.99842137773497],[-8.259766773810266,37.99835895891955],[-8.256244058740004,37.999081329144566],[-8.2560211658702,37.99916161717505],[-8.252244277662427,37.99998649534219],[-8.252538614885793,38.00135103401573],[-8.256346656470892,38.00053944835966],[-8.260275113221228,37.999736828597236]]]}"
00000000000000000000_20200110T112431_20200110T112436_T29SNC,0.1725461219817543,0.11043739687838285,2020-01-10,,"{""type"":""Polygon"",""coordinates"":[[[-8.260275113221228,37.999736828597236],[-8.260016476637192,37.99842137773497],[-8.259766773810266,37.99835895891955],[-8.256244058740004,37.999081329144566],[-8.2560211658702,37.99916161717505],[-8.252244277662427,37.99998649534219],[-8.252538614885793,38.00135103401573],[-8.256346656470892,38.00053944835966],[-8.260275113221228,37.999736828597236]]]}"
00000000000000000000_20200120T112401_20200120T112435_T29SNC,0.12469178552292329,0.11006879021979421,2020-01-20,,"{""type"":""Polygon"",""coordinates"":[[[-8.260275113221228,37.999736828597236],[-8.260016476637192,37.99842137773497],[-8.259766773810266,37.99835895891955],[-8.256244058740004,37.999081329144566],[-8.2560211658702,37.99916161717505],[-8.252244277662427,37.99998649534219],[-8.252538614885793,38.00135103401573],[-8.256346656470892,38.00053944835966],[-8.260275113221228,37.999736828597236]]]}"
00000000000000000000_20200219T112111_20200219T112435_T29SNC,0.1900744721649273,0.11161393150561698,2020-02-19,,"{""type"":""Polygon"",""coordinates"":[[[-8.260275113221228,37.999736828597236],[-8.260016476637192,37.99842137773497],[-8.259766773810266,37.99835895891955],[-8.256244058740004,37.999081329144566],[-8.2560211658702,37.99916161717505],[-8.252244277662427,37.99998649534219],[-8.252538614885793,38.00135103401573],[-8.256346656470892,38.00053944835966],[-8.260275113221228,37.999736828597236]]]}"
00000000000000000000_20200224T112109_20200224T112421_T29SNC,0.19037334122236796,0.11249727589230213,2020-02-24,,"{""type"":""Polygon"",""coordinates"":[[[-8.260275113221228,37.999736828597236],[-8.260016476637192,37.99842137773497],[-8.259766773810266,37.99835895891955],[-8.256244058740004,37.999081329144566],[-8.2560211658702,37.99916161717505],[-8.252244277662427,37.99998649534219],[-8.252538614885793,38.00135103401573],[-8.256346656470892,38.00053944835966],[-8.260275113221228,37.999736828597236]]]}"
00000000000000000000_20200310T112111_20200310T112439_T29SNC,0.07738003825044466,0.14584044036886995,2020-03-10,,"{""type"":""Polygon"",""coordinates"":[[[-8.260275113221228,37.999736828597236],[-8.260016476637192,37.99842137773497],[-8.259766773810266,37.99835895891955],[-8.256244058740004,37.999081329144566],[-8.2560211658702,37.99916161717505],[-8.252244277662427,37.99998649534219],[-8.252538614885793,38.00135103401573],[-8.256346656470892,38.00053944835966],[-8.260275113221228,37.999736828597236]]]}"
00000000000000000000_20200315T112109_20200315T112755_T29SNC,0.0681667071766895,0.13076148342737015,2020-03-15,,"{""type"":""Polygon"",""coordinates"":[[[-8.260275113221228,37.999736828597236],[-8.260016476637192,37.99842137773497],[-8.259766773810266,37.99835895891955],[-8.256244058740004,37.999081329144566],[-8.2560211658702,37.99916161717505],[-8.252244277662427,37.99998649534219],[-8.252538614885793,38.00135103401573],[-8.256346656470892,38.00053944835966],[-8.260275113221228,37.999736828597236]]]}"
00000000000000000000_20200325T112109_20200325T112516_T29SNC,0.07216106454907417,0.10766460287567778,2020-03-25,,"{""type"":""Polygon"",""coordinates"":[[[-8.260275113221228,37.999736828597236],[-8.260016476637192,37.99842137773497],[-8.259766773810266,37.99835895891955],[-8.256244058740004,37.999081329144566],[-8.2560211658702,37.99916161717505],[-8.252244277662427,37.99998649534219],[-8.252538614885793,38.00135103401573],[-8.256346656470892,38.00053944835966],[-8.260275113221228,37.999736828597236]]]}"
00000000000000000000_20200524T112119_20200524T112114_T29SNC,-0.17001476170488244,0.05940751275627795,2020-05-24,,"{""type"":""Polygon"",""coordinates"":[[[-8.260275113221228,37.999736828597236],[-8.260016476637192,37.99842137773497],[-8.259766773810266,37.99835895891955],[-8.256244058740004,37.999081329144566],[-8.2560211658702,37.99916161717505],[-8.252244277662427,37.99998649534219],[-8.252538614885793,38.00135103401573],[-8.256346656470892,38.00053944835966],[-8.260275113221228,37.999736828597236]]]}"
00000000000000000000_20200529T112121_20200529T113043_T29SNC,-0.1706447876826315,0.0442469239582241,2020-05-29,,"{""type"":""Polygon"",""coordinates"":[[[-8.260275113221228,37.999736828597236],[-8.260016476637192,37.99842137773497],[-8.259766773810266,37.99835895891955],[-8.256244058740004,37.999081329144566],[-8.2560211658702,37.99916161717505],[-8.252244277662427,37.99998649534219],[-8.252538614885793,38.00135103401573],[-8.256346656470892,38.00053944835966],[-8.260275113221228,37.999736828597236]]]}"
00000000000000000000_20200603T112119_20200603T112658_T29SNC,-0.11799771906037891,0.06843362334186123,2020-06-03,,"{""type"":""Polygon"",""coordinates"":[[[-8.260275113221228,37.999736828597236],[-8.260016476637192,37.99842137773497],[-8.259766773810266,37.99835895891955],[-8.256244058740004,37.999081329144566],[-8.2560211658702,37.99916161717505],[-8.252244277662427,37.99998649534219],[-8.252538614885793,38.00135103401573],[-8.256346656470892,38.00053944835966],[-8.260275113221228,37.999736828597236]]]}"
00000000000000000000_20200608T112121_20200608T112449_T29SNC,-0.15167046822899743,0.03911305804345136,2020-06-08,,"{""type"":""Polygon"",""coordinates"":[[[-8.260275113221228,37.999736828597236],[-8.260016476637192,37.99842137773497],[-8.259766773810266,37.99835895891955],[-8.256244058740004,37.999081329144566],[-8.2560211658702,37.99916161717505],[-8.252244277662427,37.99998649534219],[-8.252538614885793,38.00135103401573],[-8.256346656470892,38.00053944835966],[-8.260275113221228,37.999736828597236]]]}"
00000000000000000000_20200618T112121_20200618T112536_T29SNC,-0.17047097708995365,0.03469641225648496,2020-06-18,,"{""type"":""Polygon"",""coordinates"":[[[-8.260275113221228,37.999736828597236],[-8.260016476637192,37.99842137773497],[-8.259766773810266,37.99835895891955],[-8.256244058740004,37.999081329144566],[-8.2560211658702,37.99916161717505],[-8.252244277662427,37.99998649534219],[-8.252538614885793,38.00135103401573],[-8.256346656470892,38.00053944835966],[-8.260275113221228,37.999736828597236]]]}"
00000000000000000000_20200623T112119_20200623T112637_T29SNC,-0.18627350350323213,0.033551517486024085,2020-06-23,,"{""type"":""Polygon"",""coordinates"":[[[-8.260275113221228,37.999736828597236],[-8.260016476637192,37.99842137773497],[-8.259766773810266,37.99835895891955],[-8.256244058740004,37.999081329144566],[-8.2560211658702,37.99916161717505],[-8.252244277662427,37.99998649534219],[-8.252538614885793,38.00135103401573],[-8.256346656470892,38.00053944835966],[-8.260275113221228,37.999736828597236]]]}"
00000000000000000000_20200628T112121_20200628T113042_T29SNC,-0.1873995051664456,0.03659480457905909,2020-06-28,,"{""type"":""Polygon"",""coordinates"":[[[-8.260275113221228,37.999736828597236],[-8.260016476637192,37.99842137773497],[-8.259766773810266,37.99835895891955],[-8.256244058740004,37.999081329144566],[-8.2560211658702,37.99916161717505],[-8.252244277662427,37.99998649534219],[-8.252538614885793,38.00135103401573],[-8.256346656470892,38.00053944835966],[-8.260275113221228,37.999736828597236]]]}"
00000000000000000000_20200703T112119_20200703T112730_T29SNC,-0.16762347924693322,0.03781461672843669,2020-07-03,,"{""type"":""Polygon"",""coordinates"":[[[-8.260275113221228,37.999736828597236],[-8.260016476637192,37.99842137773497],[-8.259766773810266,37.99835895891955],[-8.256244058740004,37.999081329144566],[-8.2560211658702,37.99916161717505],[-8.252244277662427,37.99998649534219],[-8.252538614885793,38.00135103401573],[-8.256346656470892,38.00053944835966],[-8.260275113221228,37.999736828597236]]]}"
00000000000000000000_20200708T112121_20200708T112447_T29SNC,-0.16261425823608894,0.03861334793283887,2020-07-08,,"{""type"":""Polygon"",""coordinates"":[[[-8.260275113221228,37.999736828597236],[-8.260016476637192,37.99842137773497],[-8.259766773810266,37.99835895891955],[-8.256244058740004,37.999081329144566],[-8.2560211658702,37.99916161717505],[-8.252244277662427,37.99998649534219],[-8.252538614885793,38.00135103401573],[-8.256346656470892,38.00053944835966],[-8.260275113221228,37.999736828597236]]]}"
00000000000000000000_20200713T112119_20200713T112115_T29SNC,-0.19988110799525804,0.04022332064353113,2020-07-13,,"{""type"":""Polygon"",""coordinates"":[[[-8.260275113221228,37.999736828597236],[-8.260016476637192,37.99842137773497],[-8.259766773810266,37.99835895891955],[-8.256244058740004,37.999081329144566],[-8.2560211658702,37.99916161717505],[-8.252244277662427,37.99998649534219],[-8.252538614885793,38.00135103401573],[-8.256346656470892,38.00053944835966],[-8.260275113221228,37.999736828597236]]]}"
00000000000000000000_20200718T112121_20200718T112448_T29SNC,-0.19660084223465626,0.03035851290896496,2020-07-18,,"{""type"":""Polygon"",""coordinates"":[[[-8.260275113221228,37.999736828597236],[-8.260016476637192,37.99842137773497],[-8.259766773810266,37.99835895891955],[-8.256244058740004,37.999081329144566],[-8.2560211658702,37.99916161717505],[-8.252244277662427,37.99998649534219],[-8.252538614885793,38.00135103401573],[-8.256346656470892,38.00053944835966],[-8.260275113221228,37.999736828597236]]]}"
00000000000000000000_20200723T112119_20200723T112419_T29SNC,-0.21763058442377342,0.03030239368332934,2020-07-23,,"{""type"":""Polygon"",""coordinates"":[[[-8.260275113221228,37.999736828597236],[-8.260016476637192,37.99842137773497],[-8.259766773810266,37.99835895891955],[-8.256244058740004,37.999081329144566],[-8.2560211658702,37.99916161717505],[-8.252244277662427,37.99998649534219],[-8.252538614885793,38.00135103401573],[-8.256346656470892,38.00053944835966],[-8.260275113221228,37.999736828597236]]]}"
00000000000000000000_20200728T112121_20200728T113035_T29SNC,-0.1966116219967128,0.03037080627959842,2020-07-28,,"{""type"":""Polygon"",""coordinates"":[[[-8.260275113221228,37.999736828597236],[-8.260016476637192,37.99842137773497],[-8.259766773810266,37.99835895891955],[-8.256244058740004,37.999081329144566],[-8.2560211658702,37.99916161717505],[-8.252244277662427,37.99998649534219],[-8.252538614885793,38.00135103401573],[-8.256346656470892,38.00053944835966],[-8.260275113221228,37.999736828597236]]]}"
00000000000000000000_20200802T112119_20200802T112120_T29SNC,-0.19565946814715426,0.029898030534482742,2020-08-02,,"{""type"":""Polygon"",""coordinates"":[[[-8.260275113221228,37.999736828597236],[-8.260016476637192,37.99842137773497],[-8.259766773810266,37.99835895891955],[-8.256244058740004,37.999081329144566],[-8.2560211658702,37.99916161717505],[-8.252244277662427,37.99998649534219],[-8.252538614885793,38.00135103401573],[-8.256346656470892,38.00053944835966],[-8.260275113221228,37.999736828597236]]]}"
00000000000000000000_20200807T112121_20200807T112449_T29SNC,-0.17292358000263808,0.056680506404322616,2020-08-07,,"{""type"":""Polygon"",""coordinates"":[[[-8.260275113221228,37.999736828597236],[-8.260016476637192,37.99842137773497],[-8.259766773810266,37.99835895891955],[-8.256244058740004,37.999081329144566],[-8.2560211658702,37.99916161717505],[-8.252244277662427,37.99998649534219],[-8.252538614885793,38.00135103401573],[-8.256346656470892,38.00053944835966],[-8.260275113221228,37.999736828597236]]]}"
00000000000000000000_20200817T112121_20200817T112448_T29SNC,-0.20648319520191555,0.03310423062944722,2020-08-17,,"{""type"":""Polygon"",""coordinates"":[[[-8.260275113221228,37.999736828597236],[-8.260016476637192,37.99842137773497],[-8.259766773810266,37.99835895891955],[-8.256244058740004,37.999081329144566],[-8.2560211658702,37.99916161717505],[-8.252244277662427,37.99998649534219],[-8.252538614885793,38.00135103401573],[-8.256346656470892,38.00053944835966],[-8.260275113221228,37.999736828597236]]]}"
00000000000000000000_20200822T112119_20200822T112117_T29SNC,-0.20000486739499038,0.03338619705536114,2020-08-22,,"{""type"":""Polygon"",""coordinates"":[[[-8.260275113221228,37.999736828597236],[-8.260016476637192,37.99842137773497],[-8.259766773810266,37.99835895891955],[-8.256244058740004,37.999081329144566],[-8.2560211658702,37.99916161717505],[-8.252244277662427,37.99998649534219],[-8.252538614885793,38.00135103401573],[-8.256346656470892,38.00053944835966],[-8.260275113221228,37.999736828597236]]]}"
00000000000000000000_20200827T112121_20200827T112452_T29SNC,-0.200088912062884,0.03214593658335708,2020-08-27,,"{""type"":""Polygon"",""coordinates"":[[[-8.260275113221228,37.999736828597236],[-8.260016476637192,37.99842137773497],[-8.259766773810266,37.99835895891955],[-8.256244058740004,37.999081329144566],[-8.2560211658702,37.99916161717505],[-8.252244277662427,37.99998649534219],[-8.252538614885793,38.00135103401573],[-8.256346656470892,38.00053944835966],[-8.260275113221228,37.999736828597236]]]}"
00000000000000000000_20200901T112119_20200901T112648_T29SNC,-0.20105221691198855,0.035897737482401326,2020-09-01,,"{""type"":""Polygon"",""coordinates"":[[[-8.260275113221228,37.999736828597236],[-8.260016476637192,37.99842137773497],[-8.259766773810266,37.99835895891955],[-8.256244058740004,37.999081329144566],[-8.2560211658702,37.99916161717505],[-8.252244277662427,37.99998649534219],[-8.252538614885793,38.00135103401573],[-8.256346656470892,38.00053944835966],[-8.260275113221228,37.999736828597236]]]}"
00000000000000000000_20200906T112121_20200906T112451_T29SNC,-0.19910151518410288,0.035706681489145756,2020-09-06,,"{""type"":""Polygon"",""coordinates"":[[[-8.260275113221228,37.999736828597236],[-8.260016476637192,37.99842137773497],[-8.259766773810266,37.99835895891955],[-8.256244058740004,37.999081329144566],[-8.2560211658702,37.99916161717505],[-8.252244277662427,37.99998649534219],[-8.252538614885793,38.00135103401573],[-8.256346656470892,38.00053944835966],[-8.260275113221228,37.999736828597236]]]}"
00000000000000000000_20200921T112119_20200921T112115_T29SNC,-0.24043820951311687,0.04237408448693799,2020-09-21,,"{""type"":""Polygon"",""coordinates"":[[[-8.260275113221228,37.999736828597236],[-8.260016476637192,37.99842137773497],[-8.259766773810266,37.99835895891955],[-8.256244058740004,37.999081329144566],[-8.2560211658702,37.99916161717505],[-8.252244277662427,37.99998649534219],[-8.252538614885793,38.00135103401573],[-8.256346656470892,38.00053944835966],[-8.260275113221228,37.999736828597236]]]}"
00000000000000000000_20200926T112121_20200926T112452_T29SNC,-0.2541053298496112,0.04303831907317382,2020-09-26,,"{""type"":""Polygon"",""coordinates"":[[[-8.260275113221228,37.999736828597236],[-8.260016476637192,37.99842137773497],[-8.259766773810266,37.99835895891955],[-8.256244058740004,37.999081329144566],[-8.2560211658702,37.99916161717505],[-8.252244277662427,37.99998649534219],[-8.252538614885793,38.00135103401573],[-8.256346656470892,38.00053944835966],[-8.260275113221228,37.999736828597236]]]}"
00000000000000000000_20201006T112121_20201006T112455_T29SNC,-0.23772120744219488,0.052189987645278366,2020-10-06,,"{""type"":""Polygon"",""coordinates"":[[[-8.260275113221228,37.999736828597236],[-8.260016476637192,37.99842137773497],[-8.259766773810266,37.99835895891955],[-8.256244058740004,37.999081329144566],[-8.2560211658702,37.99916161717505],[-8.252244277662427,37.99998649534219],[-8.252538614885793,38.00135103401573],[-8.256346656470892,38.00053944835966],[-8.260275113221228,37.999736828597236]]]}"
00000000000000000000_20201011T112119_20201011T112135_T29SNC,-0.23642871941430116,0.04506436038280498,2020-10-11,,"{""type"":""Polygon"",""coordinates"":[[[-8.260275113221228,37.999736828597236],[-8.260016476637192,37.99842137773497],[-8.259766773810266,37.99835895891955],[-8.256244058740004,37.999081329144566],[-8.2560211658702,37.99916161717505],[-8.252244277662427,37.99998649534219],[-8.252538614885793,38.00135103401573],[-8.256346656470892,38.00053944835966],[-8.260275113221228,37.999736828597236]]]}"
00000000000000000000_20201016T112121_20201016T112455_T29SNC,-0.22213475447510123,0.045863117446538884,2020-10-16,,"{""type"":""Polygon"",""coordinates"":[[[-8.260275113221228,37.999736828597236],[-8.260016476637192,37.99842137773497],[-8.259766773810266,37.99835895891955],[-8.256244058740004,37.999081329144566],[-8.2560211658702,37.99916161717505],[-8.252244277662427,37.99998649534219],[-8.252538614885793,38.00135103401573],[-8.256346656470892,38.00053944835966],[-8.260275113221228,37.999736828597236]]]}"
00000000000000000000_20201110T112309_20201110T112450_T29SNC,-0.11885502677363367,0.08315706174111046,2020-11-10,,"{""type"":""Polygon"",""coordinates"":[[[-8.260275113221228,37.999736828597236],[-8.260016476637192,37.99842137773497],[-8.259766773810266,37.99835895891955],[-8.256244058740004,37.999081329144566],[-8.2560211658702,37.99916161717505],[-8.252244277662427,37.99998649534219],[-8.252538614885793,38.00135103401573],[-8.256346656470892,38.00053944835966],[-8.260275113221228,37.999736828597236]]]}"
00000000000000000000_20201115T112341_20201115T112452_T29SNC,-0.12070969176157681,0.08725076754005716,2020-11-15,,"{""type"":""Polygon"",""coordinates"":[[[-8.260275113221228,37.999736828597236],[-8.260016476637192,37.99842137773497],[-8.259766773810266,37.99835895891955],[-8.256244058740004,37.999081329144566],[-8.2560211658702,37.99916161717505],[-8.252244277662427,37.99998649534219],[-8.252538614885793,38.00135103401573],[-8.256346656470892,38.00053944835966],[-8.260275113221228,37.999736828597236]]]}"
00000000000000000000_20201120T112359_20201120T112447_T29SNC,-0.11863541405144563,0.1256464202066223,2020-11-20,,"{""type"":""Polygon"",""coordinates"":[[[-8.260275113221228,37.999736828597236],[-8.260016476637192,37.99842137773497],[-8.259766773810266,37.99835895891955],[-8.256244058740004,37.999081329144566],[-8.2560211658702,37.99916161717505],[-8.252244277662427,37.99998649534219],[-8.252538614885793,38.00135103401573],[-8.256346656470892,38.00053944835966],[-8.260275113221228,37.999736828597236]]]}"
00000000000000000000_20201205T112441_20201205T112447_T29SNC,0.054946925525952546,0.1469555733688732,2020-12-05,,"{""type"":""Polygon"",""coordinates"":[[[-8.260275113221228,37.999736828597236],[-8.260016476637192,37.99842137773497],[-8.259766773810266,37.99835895891955],[-8.256244058740004,37.999081329144566],[-8.2560211658702,37.99916161717505],[-8.252244277662427,37.99998649534219],[-8.252538614885793,38.00135103401573],[-8.256346656470892,38.00053944835966],[-8.260275113221228,37.999736828597236]]]}"
00000000000000000000_20201215T112451_20201215T112454_T29SNC,0.1266259190812737,0.11948733205163778,2020-12-15,,"{""type"":""Polygon"",""coordinates"":[[[-8.260275113221228,37.999736828597236],[-8.260016476637192,37.99842137773497],[-8.259766773810266,37.99835895891955],[-8.256244058740004,37.999081329144566],[-8.2560211658702,37.99916161717505],[-8.252244277662427,37.99998649534219],[-8.252538614885793,38.00135103401573],[-8.256346656470892,38.00053944835966],[-8.260275113221228,37.999736828597236]]]}"
00000000000000000000_20201230T112359_20201230T112446_T29SNC,0.24432004898949142,0.07788605383131374,2020-12-30,,"{""type"":""Polygon"",""coordinates"":[[[-8.260275113221228,37.999736828597236],[-8.260016476637192,37.99842137773497],[-8.259766773810266,37.99835895891955],[-8.256244058740004,37.999081329144566],[-8.2560211658702,37.99916161717505],[-8.252244277662427,37.99998649534219],[-8.252538614885793,38.00135103401573],[-8.256346656470892,38.00053944835966],[-8.260275113221228,37.999736828597236]]]}"
00000000000000000000_20210114T112431_20210114T112450_T29SNC,0.3044641723279366,0.0923331956452271,2021-01-14,,"{""type"":""Polygon"",""coordinates"":[[[-8.260275113221228,37.999736828597236],[-8.260016476637192,37.99842137773497],[-8.259766773810266,37.99835895891955],[-8.256244058740004,37.999081329144566],[-8.2560211658702,37.99916161717505],[-8.252244277662427,37.99998649534219],[-8.252538614885793,38.00135103401573],[-8.256346656470892,38.00053944835966],[-8.260275113221228,37.999736828597236]]]}"
00000000000000000000_20210213T112151_20210213T112445_T29SNC,0.28340588475272066,0.13516226426947706,2021-02-13,,"{""type"":""Polygon"",""coordinates"":[[[-8.260275113221228,37.999736828597236],[-8.260016476637192,37.99842137773497],[-8.259766773810266,37.99835895891955],[-8.256244058740004,37.999081329144566],[-8.2560211658702,37.99916161717505],[-8.252244277662427,37.99998649534219],[-8.252538614885793,38.00135103401573],[-8.256346656470892,38.00053944835966],[-8.260275113221228,37.999736828597236]]]}"
00000000000000000000_20210218T112109_20210218T112238_T29SNC,0.3397641433959325,0.10098137896848901,2021-02-18,,"{""type"":""Polygon"",""coordinates"":[[[-8.260275113221228,37.999736828597236],[-8.260016476637192,37.99842137773497],[-8.259766773810266,37.99835895891955],[-8.256244058740004,37.999081329144566],[-8.2560211658702,37.99916161717505],[-8.252244277662427,37.99998649534219],[-8.252538614885793,38.00135103401573],[-8.256346656470892,38.00053944835966],[-8.260275113221228,37.999736828597236]]]}"
00000000000000000000_20210228T112109_20210228T112803_T29SNC,0.38961021011512825,0.10242192037415657,2021-02-28,,"{""type"":""Polygon"",""coordinates"":[[[-8.260275113221228,37.999736828597236],[-8.260016476637192,37.99842137773497],[-8.259766773810266,37.99835895891955],[-8.256244058740004,37.999081329144566],[-8.2560211658702,37.99916161717505],[-8.252244277662427,37.99998649534219],[-8.252538614885793,38.00135103401573],[-8.256346656470892,38.00053944835966],[-8.260275113221228,37.999736828597236]]]}"
00000000000000000000_20210310T112119_20210310T112113_T29SNC,0.3875001498056466,0.10723952876998302,2021-03-10,,"{""type"":""Polygon"",""coordinates"":[[[-8.260275113221228,37.999736828597236],[-8.260016476637192,37.99842137773497],[-8.259766773810266,37.99835895891955],[-8.256244058740004,37.999081329144566],[-8.2560211658702,37.99916161717505],[-8.252244277662427,37.99998649534219],[-8.252538614885793,38.00135103401573],[-8.256346656470892,38.00053944835966],[-8.260275113221228,37.999736828597236]]]}"
00000000000000000000_20210315T112111_20210315T112446_T29SNC,0.35908805186113507,0.09037987553953562,2021-03-15,,"{""type"":""Polygon"",""coordinates"":[[[-8.260275113221228,37.999736828597236],[-8.260016476637192,37.99842137773497],[-8.259766773810266,37.99835895891955],[-8.256244058740004,37.999081329144566],[-8.2560211658702,37.99916161717505],[-8.252244277662427,37.99998649534219],[-8.252538614885793,38.00135103401573],[-8.256346656470892,38.00053944835966],[-8.260275113221228,37.999736828597236]]]}"
00000000000000000000_20210320T112109_20210320T112112_T29SNC,0.37559161953624026,0.11155719281472913,2021-03-20,,"{""type"":""Polygon"",""coordinates"":[[[-8.260275113221228,37.999736828597236],[-8.260016476637192,37.99842137773497],[-8.259766773810266,37.99835895891955],[-8.256244058740004,37.999081329144566],[-8.2560211658702,37.99916161717505],[-8.252244277662427,37.99998649534219],[-8.252538614885793,38.00135103401573],[-8.256346656470892,38.00053944835966],[-8.260275113221228,37.999736828597236]]]}"
00000000000000000000_20210404T112111_20210404T112443_T29SNC,0.3172740544432664,0.0797904728515902,2021-04-04,,"{""type"":""Polygon"",""coordinates"":[[[-8.260275113221228,37.999736828597236],[-8.260016476637192,37.99842137773497],[-8.259766773810266,37.99835895891955],[-8.256244058740004,37.999081329144566],[-8.2560211658702,37.99916161717505],[-8.252244277662427,37.99998649534219],[-8.252538614885793,38.00135103401573],[-8.256346656470892,38.00053944835966],[-8.260275113221228,37.999736828597236]]]}"
00000000000000000000_20210419T112109_20210419T112108_T29SNC,0.20572531408543837,0.07337690143937912,2021-04-19,,"{""type"":""Polygon"",""coordinates"":[[[-8.260275113221228,37.999736828597236],[-8.260016476637192,37.99842137773497],[-8.259766773810266,37.99835895891955],[-8.256244058740004,37.999081329144566],[-8.2560211658702,37.99916161717505],[-8.252244277662427,37.99998649534219],[-8.252538614885793,38.00135103401573],[-8.256346656470892,38.00053944835966],[-8.260275113221228,37.999736828597236]]]}"
00000000000000000000_20210504T112111_20210504T112445_T29SNC,0.07553263964396681,0.0757234226258384,2021-05-04,,"{""type"":""Polygon"",""coordinates"":[[[-8.260275113221228,37.999736828597236],[-8.260016476637192,37.99842137773497],[-8.259766773810266,37.99835895891955],[-8.256244058740004,37.999081329144566],[-8.2560211658702,37.99916161717505],[-8.252244277662427,37.99998649534219],[-8.252538614885793,38.00135103401573],[-8.256346656470892,38.00053944835966],[-8.260275113221228,37.999736828597236]]]}"
00000000000000000000_20210519T112119_20210519T112113_T29SNC,-0.07637467116994898,0.04954954232117893,2021-05-19,,"{""type"":""Polygon"",""coordinates"":[[[-8.260275113221228,37.999736828597236],[-8.260016476637192,37.99842137773497],[-8.259766773810266,37.99835895891955],[-8.256244058740004,37.999081329144566],[-8.2560211658702,37.99916161717505],[-8.252244277662427,37.99998649534219],[-8.252538614885793,38.00135103401573],[-8.256346656470892,38.00053944835966],[-8.260275113221228,37.999736828597236]]]}"
00000000000000000000_20210529T112119_20210529T112823_T29SNC,-0.13586682991473034,0.04623742406310032,2021-05-29,,"{""type"":""Polygon"",""coordinates"":[[[-8.260275113221228,37.999736828597236],[-8.260016476637192,37.99842137773497],[-8.259766773810266,37.99835895891955],[-8.256244058740004,37.999081329144566],[-8.2560211658702,37.99916161717505],[-8.252244277662427,37.99998649534219],[-8.252538614885793,38.00135103401573],[-8.256346656470892,38.00053944835966],[-8.260275113221228,37.999736828597236]]]}"
00000000000000000000_20210603T112111_20210603T112450_T29SNC,-0.1433567772838564,0.04537944253453629,2021-06-03,,"{""type"":""Polygon"",""coordinates"":[[[-8.260275113221228,37.999736828597236],[-8.260016476637192,37.99842137773497],[-8.259766773810266,37.99835895891955],[-8.256244058740004,37.999081329144566],[-8.2560211658702,37.99916161717505],[-8.252244277662427,37.99998649534219],[-8.252538614885793,38.00135103401573],[-8.256346656470892,38.00053944835966],[-8.260275113221228,37.999736828597236]]]}"
00000000000000000000_20210608T112119_20210608T112114_T29SNC,-0.14805168966330737,0.042913499810493735,2021-06-08,,"{""type"":""Polygon"",""coordinates"":[[[-8.260275113221228,37.999736828597236],[-8.260016476637192,37.99842137773497],[-8.259766773810266,37.99835895891955],[-8.256244058740004,37.999081329144566],[-8.2560211658702,37.99916161717505],[-8.252244277662427,37.99998649534219],[-8.252538614885793,38.00135103401573],[-8.256346656470892,38.00053944835966],[-8.260275113221228,37.999736828597236]]]}"
00000000000000000000_20210613T112111_20210613T112447_T29SNC,0.09791994343797751,0.04749817543396525,2021-06-13,,"{""type"":""Polygon"",""coordinates"":[[[-8.260275113221228,37.999736828597236],[-8.260016476637192,37.99842137773497],[-8.259766773810266,37.99835895891955],[-8.256244058740004,37.999081329144566],[-8.2560211658702,37.99916161717505],[-8.252244277662427,37.99998649534219],[-8.252538614885793,38.00135103401573],[-8.256346656470892,38.00053944835966],[-8.260275113221228,37.999736828597236]]]}"
00000000000000000000_20210623T112121_20210623T112448_T29SNC,-0.21446617981548027,0.0491845992924719,2021-06-23,,"{""type"":""Polygon"",""coordinates"":[[[-8.260275113221228,37.999736828597236],[-8.260016476637192,37.99842137773497],[-8.259766773810266,37.99835895891955],[-8.256244058740004,37.999081329144566],[-8.2560211658702,37.99916161717505],[-8.252244277662427,37.99998649534219],[-8.252538614885793,38.00135103401573],[-8.256346656470892,38.00053944835966],[-8.260275113221228,37.999736828597236]]]}"
00000000000000000000_20210628T112119_20210628T112114_T29SNC,-0.20578653213829093,0.048986974683681406,2021-06-28,,"{""type"":""Polygon"",""coordinates"":[[[-8.260275113221228,37.999736828597236],[-8.260016476637192,37.99842137773497],[-8.259766773810266,37.99835895891955],[-8.256244058740004,37.999081329144566],[-8.2560211658702,37.99916161717505],[-8.252244277662427,37.99998649534219],[-8.252538614885793,38.00135103401573],[-8.256346656470892,38.00053944835966],[-8.260275113221228,37.999736828597236]]]}"
00000000000000000000_20210708T112119_20210708T112115_T29SNC,-0.22137748009383,0.046696159527181834,2021-07-08,,"{""type"":""Polygon"",""coordinates"":[[[-8.260275113221228,37.999736828597236],[-8.260016476637192,37.99842137773497],[-8.259766773810266,37.99835895891955],[-8.256244058740004,37.999081329144566],[-8.2560211658702,37.99916161717505],[-8.252244277662427,37.99998649534219],[-8.252538614885793,38.00135103401573],[-8.256346656470892,38.00053944835966],[-8.260275113221228,37.999736828597236]]]}"
00000000000000000000_20210713T112121_20210713T112450_T29SNC,-0.20292759961935253,0.04674761180536334,2021-07-13,,"{""type"":""Polygon"",""coordinates"":[[[-8.260275113221228,37.999736828597236],[-8.260016476637192,37.99842137773497],[-8.259766773810266,37.99835895891955],[-8.256244058740004,37.999081329144566],[-8.2560211658702,37.99916161717505],[-8.252244277662427,37.99998649534219],[-8.252538614885793,38.00135103401573],[-8.256346656470892,38.00053944835966],[-8.260275113221228,37.999736828597236]]]}"
00000000000000000000_20210718T112119_20210718T112951_T29SNC,-0.19973538153651388,0.04427333435305262,2021-07-18,,"{""type"":""Polygon"",""coordinates"":[[[-8.260275113221228,37.999736828597236],[-8.260016476637192,37.99842137773497],[-8.259766773810266,37.99835895891955],[-8.256244058740004,37.999081329144566],[-8.2560211658702,37.99916161717505],[-8.252244277662427,37.99998649534219],[-8.252538614885793,38.00135103401573],[-8.256346656470892,38.00053944835966],[-8.260275113221228,37.999736828597236]]]}"
00000000000000000000_20210723T112121_20210723T112450_T29SNC,-0.1961754920041089,0.03948936205687212,2021-07-23,,"{""type"":""Polygon"",""coordinates"":[[[-8.260275113221228,37.999736828597236],[-8.260016476637192,37.99842137773497],[-8.259766773810266,37.99835895891955],[-8.256244058740004,37.999081329144566],[-8.2560211658702,37.99916161717505],[-8.252244277662427,37.99998649534219],[-8.252538614885793,38.00135103401573],[-8.256346656470892,38.00053944835966],[-8.260275113221228,37.999736828597236]]]}"
00000000000000000000_20210728T112119_20210728T112520_T29SNC,-0.21156459288961524,0.04751447769958416,2021-07-28,,"{""type"":""Polygon"",""coordinates"":[[[-8.260275113221228,37.999736828597236],[-8.260016476637192,37.99842137773497],[-8.259766773810266,37.99835895891955],[-8.256244058740004,37.999081329144566],[-8.2560211658702,37.99916161717505],[-8.252244277662427,37.99998649534219],[-8.252538614885793,38.00135103401573],[-8.256346656470892,38.00053944835966],[-8.260275113221228,37.999736828597236]]]}"
00000000000000000000_20210812T112121_20210812T112449_T29SNC,-0.20958498132277908,0.04118465571641539,2021-08-12,,"{""type"":""Polygon"",""coordinates"":[[[-8.260275113221228,37.999736828597236],[-8.260016476637192,37.99842137773497],[-8.259766773810266,37.99835895891955],[-8.256244058740004,37.999081329144566],[-8.2560211658702,37.99916161717505],[-8.252244277662427,37.99998649534219],[-8.252538614885793,38.00135103401573],[-8.256346656470892,38.00053944835966],[-8.260275113221228,37.999736828597236]]]}"
00000000000000000000_20210817T112119_20210817T112113_T29SNC,-0.21594605577711498,0.047284934614675186,2021-08-17,,"{""type"":""Polygon"",""coordinates"":[[[-8.260275113221228,37.999736828597236],[-8.260016476637192,37.99842137773497],[-8.259766773810266,37.99835895891955],[-8.256244058740004,37.999081329144566],[-8.2560211658702,37.99916161717505],[-8.252244277662427,37.99998649534219],[-8.252538614885793,38.00135103401573],[-8.256346656470892,38.00053944835966],[-8.260275113221228,37.999736828597236]]]}"
00000000000000000000_20210822T112121_20210822T112449_T29SNC,-0.20275082370999675,0.048408583842393826,2021-08-22,,"{""type"":""Polygon"",""coordinates"":[[[-8.260275113221228,37.999736828597236],[-8.260016476637192,37.99842137773497],[-8.259766773810266,37.99835895891955],[-8.256244058740004,37.999081329144566],[-8.2560211658702,37.99916161717505],[-8.252244277662427,37.99998649534219],[-8.252538614885793,38.00135103401573],[-8.256346656470892,38.00053944835966],[-8.260275113221228,37.999736828597236]]]}"
00000000000000000000_20210916T112109_20210916T112109_T29SNC,-0.1585880757106426,0.09580004775081671,2021-09-16,,"{""type"":""Polygon"",""coordinates"":[[[-8.260275113221228,37.999736828597236],[-8.260016476637192,37.99842137773497],[-8.259766773810266,37.99835895891955],[-8.256244058740004,37.999081329144566],[-8.2560211658702,37.99916161717505],[-8.252244277662427,37.99998649534219],[-8.252538614885793,38.00135103401573],[-8.256346656470892,38.00053944835966],[-8.260275113221228,37.999736828597236]]]}"
00000000000000000000_20210921T112121_20210921T112452_T29SNC,-0.2975195776031134,0.05813202680048092,2021-09-21,,"{""type"":""Polygon"",""coordinates"":[[[-8.260275113221228,37.999736828597236],[-8.260016476637192,37.99842137773497],[-8.259766773810266,37.99835895891955],[-8.256244058740004,37.999081329144566],[-8.2560211658702,37.99916161717505],[-8.252244277662427,37.99998649534219],[-8.252538614885793,38.00135103401573],[-8.256346656470892,38.00053944835966],[-8.260275113221228,37.999736828597236]]]}"
00000000000000000000_20211006T112119_20211006T112114_T29SNC,-0.31581115833904994,0.05776078885920653,2021-10-06,,"{""type"":""Polygon"",""coordinates"":[[[-8.260275113221228,37.999736828597236],[-8.260016476637192,37.99842137773497],[-8.259766773810266,37.99835895891955],[-8.256244058740004,37.999081329144566],[-8.2560211658702,37.99916161717505],[-8.252244277662427,37.99998649534219],[-8.252538614885793,38.00135103401573],[-8.256346656470892,38.00053944835966],[-8.260275113221228,37.999736828597236]]]}"
00000000000000000000_20211026T112119_20211026T112238_T29SNC,-0.2995206123476498,0.05216420812011373,2021-10-26,,"{""type"":""Polygon"",""coordinates"":[[[-8.260275113221228,37.999736828597236],[-8.260016476637192,37.99842137773497],[-8.259766773810266,37.99835895891955],[-8.256244058740004,37.999081329144566],[-8.2560211658702,37.99916161717505],[-8.252244277662427,37.99998649534219],[-8.252538614885793,38.00135103401573],[-8.256346656470892,38.00053944835966],[-8.260275113221228,37.999736828597236]]]}"
00000000000000000000_20211105T112149_20211105T112401_T29SNC,-0.28761520788365225,0.05928514456934397,2021-11-05,,"{""type"":""Polygon"",""coordinates"":[[[-8.260275113221228,37.999736828597236],[-8.260016476637192,37.99842137773497],[-8.259766773810266,37.99835895891955],[-8.256244058740004,37.999081329144566],[-8.2560211658702,37.99916161717505],[-8.252244277662427,37.99998649534219],[-8.252538614885793,38.00135103401573],[-8.256346656470892,38.00053944835966],[-8.260275113221228,37.999736828597236]]]}"
00000000000000000000_20211110T112311_20211110T112451_T29SNC,-0.296301311481377,0.060284271110759395,2021-11-10,,"{""type"":""Polygon"",""coordinates"":[[[-8.260275113221228,37.999736828597236],[-8.260016476637192,37.99842137773497],[-8.259766773810266,37.99835895891955],[-8.256244058740004,37.999081329144566],[-8.2560211658702,37.99916161717505],[-8.252244277662427,37.99998649534219],[-8.252538614885793,38.00135103401573],[-8.256346656470892,38.00053944835966],[-8.260275113221228,37.999736828597236]]]}"
00000000000000000000_20211115T112239_20211115T112445_T29SNC,-0.27826014816460887,0.062024680898494784,2021-11-15,,"{""type"":""Polygon"",""coordinates"":[[[-8.260275113221228,37.999736828597236],[-8.260016476637192,37.99842137773497],[-8.259766773810266,37.99835895891955],[-8.256244058740004,37.999081329144566],[-8.2560211658702,37.99916161717505],[-8.252244277662427,37.99998649534219],[-8.252538614885793,38.00135103401573],[-8.256346656470892,38.00053944835966],[-8.260275113221228,37.999736828597236]]]}"
00000000000000000000_20211215T112359_20211215T112443_T29SNC,-0.26102842564852347,0.06377986239118223,2021-12-15,,"{""type"":""Polygon"",""coordinates"":[[[-8.260275113221228,37.999736828597236],[-8.260016476637192,37.99842137773497],[-8.259766773810266,37.99835895891955],[-8.256244058740004,37.999081329144566],[-8.2560211658702,37.99916161717505],[-8.252244277662427,37.99998649534219],[-8.252538614885793,38.00135103401573],[-8.256346656470892,38.00053944835966],[-8.260275113221228,37.999736828597236]]]}"
00000000000000000000_20220114T112329_20220114T112443_T29SNC,-0.027683842459538026,0.11719688499971144,2022-01-14,,"{""type"":""Polygon"",""coordinates"":[[[-8.260275113221228,37.999736828597236],[-8.260016476637192,37.99842137773497],[-8.259766773810266,37.99835895891955],[-8.256244058740004,37.999081329144566],[-8.2560211658702,37.99916161717505],[-8.252244277662427,37.99998649534219],[-8.252538614885793,38.00135103401573],[-8.256346656470892,38.00053944835966],[-8.260275113221228,37.999736828597236]]]}"
00000000000000000000_20220119T112411_20220119T112449_T29SNC,0.0033979946832903723,0.13062091927764835,2022-01-19,,"{""type"":""Polygon"",""coordinates"":[[[-8.260275113221228,37.999736828597236],[-8.260016476637192,37.99842137773497],[-8.259766773810266,37.99835895891955],[-8.256244058740004,37.999081329144566],[-8.2560211658702,37.99916161717505],[-8.252244277662427,37.99998649534219],[-8.252538614885793,38.00135103401573],[-8.256346656470892,38.00053944835966],[-8.260275113221228,37.999736828597236]]]}"
00000000000000000000_20220124T112249_20220124T112248_T29SNC,0.02308988664464025,0.08526203057602501,2022-01-24,,"{""type"":""Polygon"",""coordinates"":[[[-8.260275113221228,37.999736828597236],[-8.260016476637192,37.99842137773497],[-8.259766773810266,37.99835895891955],[-8.256244058740004,37.999081329144566],[-8.2560211658702,37.99916161717505],[-8.252244277662427,37.99998649534219],[-8.252538614885793,38.00135103401573],[-8.256346656470892,38.00053944835966],[-8.260275113221228,37.999736828597236]]]}"
00000000000000000000_20220129T112321_20220129T112901_T29SNC,0.015857095062778485,0.08862573674547436,2022-01-29,,"{""type"":""Polygon"",""coordinates"":[[[-8.260275113221228,37.999736828597236],[-8.260016476637192,37.99842137773497],[-8.259766773810266,37.99835895891955],[-8.256244058740004,37.999081329144566],[-8.2560211658702,37.99916161717505],[-8.252244277662427,37.99998649534219],[-8.252538614885793,38.00135103401573],[-8.256346656470892,38.00053944835966],[-8.260275113221228,37.999736828597236]]]}"
00000000000000000000_20220208T112231_20220208T113014_T29SNC,-0.002006492578480501,0.09318585782221728,2022-02-08,,"{""type"":""Polygon"",""coordinates"":[[[-8.260275113221228,37.999736828597236],[-8.260016476637192,37.99842137773497],[-8.259766773810266,37.99835895891955],[-8.256244058740004,37.999081329144566],[-8.2560211658702,37.99916161717505],[-8.252244277662427,37.99998649534219],[-8.252538614885793,38.00135103401573],[-8.256346656470892,38.00053944835966],[-8.260275113221228,37.999736828597236]]]}"
00000000000000000000_20220228T112121_20220228T112450_T29SNC,0.018818128449577247,0.0992814146819257,2022-02-28,,"{""type"":""Polygon"",""coordinates"":[[[-8.260275113221228,37.999736828597236],[-8.260016476637192,37.99842137773497],[-8.259766773810266,37.99835895891955],[-8.256244058740004,37.999081329144566],[-8.2560211658702,37.99916161717505],[-8.252244277662427,37.99998649534219],[-8.252538614885793,38.00135103401573],[-8.256346656470892,38.00053944835966],[-8.260275113221228,37.999736828597236]]]}"
00000000000000000000_20220414T112109_20220414T112432_T29SNC,0.06529262444511755,0.16036271790542697,2022-04-14,,"{""type"":""Polygon"",""coordinates"":[[[-8.260275113221228,37.999736828597236],[-8.260016476637192,37.99842137773497],[-8.259766773810266,37.99835895891955],[-8.256244058740004,37.999081329144566],[-8.2560211658702,37.99916161717505],[-8.252244277662427,37.99998649534219],[-8.252538614885793,38.00135103401573],[-8.256346656470892,38.00053944835966],[-8.260275113221228,37.999736828597236]]]}"
00000000000000000000_20220419T112121_20220419T112451_T29SNC,0.032683521286582286,0.11634253430619343,2022-04-19,,"{""type"":""Polygon"",""coordinates"":[[[-8.260275113221228,37.999736828597236],[-8.260016476637192,37.99842137773497],[-8.259766773810266,37.99835895891955],[-8.256244058740004,37.999081329144566],[-8.2560211658702,37.99916161717505],[-8.252244277662427,37.99998649534219],[-8.252538614885793,38.00135103401573],[-8.256346656470892,38.00053944835966],[-8.260275113221228,37.999736828597236]]]}"
00000000000000000000_20220429T112121_20220429T112452_T29SNC,-0.00595355867990577,0.052080278515450065,2022-04-29,,"{""type"":""Polygon"",""coordinates"":[[[-8.260275113221228,37.999736828597236],[-8.260016476637192,37.99842137773497],[-8.259766773810266,37.99835895891955],[-8.256244058740004,37.999081329144566],[-8.2560211658702,37.99916161717505],[-8.252244277662427,37.99998649534219],[-8.252538614885793,38.00135103401573],[-8.256346656470892,38.00053944835966],[-8.260275113221228,37.999736828597236]]]}"
00000000000000000000_20220504T112109_20220504T112108_T29SNC,-0.0358071709128651,0.0676034905042632,2022-05-04,,"{""type"":""Polygon"",""coordinates"":[[[-8.260275113221228,37.999736828597236],[-8.260016476637192,37.99842137773497],[-8.259766773810266,37.99835895891955],[-8.256244058740004,37.999081329144566],[-8.2560211658702,37.99916161717505],[-8.252244277662427,37.99998649534219],[-8.252538614885793,38.00135103401573],[-8.256346656470892,38.00053944835966],[-8.260275113221228,37.999736828597236]]]}"
00000000000000000000_20220514T112109_20220514T112112_T29SNC,-0.1146467556329424,0.031910417174136924,2022-05-14,,"{""type"":""Polygon"",""coordinates"":[[[-8.260275113221228,37.999736828597236],[-8.260016476637192,37.99842137773497],[-8.259766773810266,37.99835895891955],[-8.256244058740004,37.999081329144566],[-8.2560211658702,37.99916161717505],[-8.252244277662427,37.99998649534219],[-8.252538614885793,38.00135103401573],[-8.256346656470892,38.00053944835966],[-8.260275113221228,37.999736828597236]]]}"
00000000000000000000_20220613T112119_20220613T112116_T29SNC,-0.1528947243287061,0.016278229263801295,2022-06-13,,"{""type"":""Polygon"",""coordinates"":[[[-8.260275113221228,37.999736828597236],[-8.260016476637192,37.99842137773497],[-8.259766773810266,37.99835895891955],[-8.256244058740004,37.999081329144566],[-8.2560211658702,37.99916161717505],[-8.252244277662427,37.99998649534219],[-8.252538614885793,38.00135103401573],[-8.256346656470892,38.00053944835966],[-8.260275113221228,37.999736828597236]]]}"
00000000000000000000_20220618T112131_20220618T112125_T29SNC,-0.17758670745003036,0.02192096707176359,2022-06-18,,"{""type"":""Polygon"",""coordinates"":[[[-8.260275113221228,37.999736828597236],[-8.260016476637192,37.99842137773497],[-8.259766773810266,37.99835895891955],[-8.256244058740004,37.999081329144566],[-8.2560211658702,37.99916161717505],[-8.252244277662427,37.99998649534219],[-8.252538614885793,38.00135103401573],[-8.256346656470892,38.00053944835966],[-8.260275113221228,37.999736828597236]]]}"
00000000000000000000_20220628T112131_20220628T112126_T29SNC,-0.15746239628401973,0.023570983274291357,2022-06-28,,"{""type"":""Polygon"",""coordinates"":[[[-8.260275113221228,37.999736828597236],[-8.260016476637192,37.99842137773497],[-8.259766773810266,37.99835895891955],[-8.256244058740004,37.999081329144566],[-8.2560211658702,37.99916161717505],[-8.252244277662427,37.99998649534219],[-8.252538614885793,38.00135103401573],[-8.256346656470892,38.00053944835966],[-8.260275113221228,37.999736828597236]]]}"
00000000000000000000_20220708T112131_20220708T112126_T29SNC,-0.16474669748334836,0.023649651799648348,2022-07-08,,"{""type"":""Polygon"",""coordinates"":[[[-8.260275113221228,37.999736828597236],[-8.260016476637192,37.99842137773497],[-8.259766773810266,37.99835895891955],[-8.256244058740004,37.999081329144566],[-8.2560211658702,37.99916161717505],[-8.252244277662427,37.99998649534219],[-8.252538614885793,38.00135103401573],[-8.256346656470892,38.00053944835966],[-8.260275113221228,37.999736828597236]]]}"
00000000000000000000_20220718T112131_20220718T112632_T29SNC,-0.16628988176662565,0.023053763848438224,2022-07-18,,"{""type"":""Polygon"",""coordinates"":[[[-8.260275113221228,37.999736828597236],[-8.260016476637192,37.99842137773497],[-8.259766773810266,37.99835895891955],[-8.256244058740004,37.999081329144566],[-8.2560211658702,37.99916161717505],[-8.252244277662427,37.99998649534219],[-8.252538614885793,38.00135103401573],[-8.256346656470892,38.00053944835966],[-8.260275113221228,37.999736828597236]]]}"
00000000000000000000_20220723T112119_20220723T112118_T29SNC,-0.14657914041316789,0.02114481844128108,2022-07-23,,"{""type"":""Polygon"",""coordinates"":[[[-8.260275113221228,37.999736828597236],[-8.260016476637192,37.99842137773497],[-8.259766773810266,37.99835895891955],[-8.256244058740004,37.999081329144566],[-8.2560211658702,37.99916161717505],[-8.252244277662427,37.99998649534219],[-8.252538614885793,38.00135103401573],[-8.256346656470892,38.00053944835966],[-8.260275113221228,37.999736828597236]]]}"
00000000000000000000_20220728T112121_20220728T112123_T29SNC,-0.16489514493519858,0.0227385954502292,2022-07-28,,"{""type"":""Polygon"",""coordinates"":[[[-8.260275113221228,37.999736828597236],[-8.260016476637192,37.99842137773497],[-8.259766773810266,37.99835895891955],[-8.256244058740004,37.999081329144566],[-8.2560211658702,37.99916161717505],[-8.252244277662427,37.99998649534219],[-8.252538614885793,38.00135103401573],[-8.256346656470892,38.00053944835966],[-8.260275113221228,37.999736828597236]]]}"
00000000000000000000_20220802T112119_20220802T112118_T29SNC,-0.14791307089297812,0.02371136996906157,2022-08-02,,"{""type"":""Polygon"",""coordinates"":[[[-8.260275113221228,37.999736828597236],[-8.260016476637192,37.99842137773497],[-8.259766773810266,37.99835895891955],[-8.256244058740004,37.999081329144566],[-8.2560211658702,37.99916161717505],[-8.252244277662427,37.99998649534219],[-8.252538614885793,38.00135103401573],[-8.256346656470892,38.00053944835966],[-8.260275113221228,37.999736828597236]]]}"
00000000000000000000_20220807T112131_20220807T112125_T29SNC,-0.16657012721247763,0.021365113025439118,2022-08-07,,"{""type"":""Polygon"",""coordinates"":[[[-8.260275113221228,37.999736828597236],[-8.260016476637192,37.99842137773497],[-8.259766773810266,37.99835895891955],[-8.256244058740004,37.999081329144566],[-8.2560211658702,37.99916161717505],[-8.252244277662427,37.99998649534219],[-8.252538614885793,38.00135103401573],[-8.256346656470892,38.00053944835966],[-8.260275113221228,37.999736828597236]]]}"
00000000000000000000_20220812T112119_20220812T112117_T29SNC,-0.11234209886357843,0.01581026048949315,2022-08-12,,"{""type"":""Polygon"",""coordinates"":[[[-8.260275113221228,37.999736828597236],[-8.260016476637192,37.99842137773497],[-8.259766773810266,37.99835895891955],[-8.256244058740004,37.999081329144566],[-8.2560211658702,37.99916161717505],[-8.252244277662427,37.99998649534219],[-8.252538614885793,38.00135103401573],[-8.256346656470892,38.00053944835966],[-8.260275113221228,37.999736828597236]]]}"
00000000000000000000_20220817T112131_20220817T112126_T29SNC,-0.1715412618998936,0.021505962113557184,2022-08-17,,"{""type"":""Polygon"",""coordinates"":[[[-8.260275113221228,37.999736828597236],[-8.260016476637192,37.99842137773497],[-8.259766773810266,37.99835895891955],[-8.256244058740004,37.999081329144566],[-8.2560211658702,37.99916161717505],[-8.252244277662427,37.99998649534219],[-8.252538614885793,38.00135103401573],[-8.256346656470892,38.00053944835966],[-8.260275113221228,37.999736828597236]]]}"
00000000000000000000_20220822T112119_20220822T112114_T29SNC,-0.18323597260437996,0.02037519264913814,2022-08-22,,"{""type"":""Polygon"",""coordinates"":[[[-8.260275113221228,37.999736828597236],[-8.260016476637192,37.99842137773497],[-8.259766773810266,37.99835895891955],[-8.256244058740004,37.999081329144566],[-8.2560211658702,37.99916161717505],[-8.252244277662427,37.99998649534219],[-8.252538614885793,38.00135103401573],[-8.256346656470892,38.00053944835966],[-8.260275113221228,37.999736828597236]]]}"
00000000000000000000_20220827T112131_20220827T112817_T29SNC,-0.15940828879509003,0.020901887402655916,2022-08-27,,"{""type"":""Polygon"",""coordinates"":[[[-8.260275113221228,37.999736828597236],[-8.260016476637192,37.99842137773497],[-8.259766773810266,37.99835895891955],[-8.256244058740004,37.999081329144566],[-8.2560211658702,37.99916161717505],[-8.252244277662427,37.99998649534219],[-8.252538614885793,38.00135103401573],[-8.256346656470892,38.00053944835966],[-8.260275113221228,37.999736828597236]]]}"
00000000000000000000_20220906T112131_20220906T112125_T29SNC,-0.18944877982810948,0.0257051157944375,2022-09-06,,"{""type"":""Polygon"",""coordinates"":[[[-8.260275113221228,37.999736828597236],[-8.260016476637192,37.99842137773497],[-8.259766773810266,37.99835895891955],[-8.256244058740004,37.999081329144566],[-8.2560211658702,37.99916161717505],[-8.252244277662427,37.99998649534219],[-8.252538614885793,38.00135103401573],[-8.256346656470892,38.00053944835966],[-8.260275113221228,37.999736828597236]]]}"
00000000000000000000_20220911T112119_20220911T112954_T29SNC,-0.18037644148706825,0.020326914500755525,2022-09-11,,"{""type"":""Polygon"",""coordinates"":[[[-8.260275113221228,37.999736828597236],[-8.260016476637192,37.99842137773497],[-8.259766773810266,37.99835895891955],[-8.256244058740004,37.999081329144566],[-8.2560211658702,37.99916161717505],[-8.252244277662427,37.99998649534219],[-8.252538614885793,38.00135103401573],[-8.256346656470892,38.00053944835966],[-8.260275113221228,37.999736828597236]]]}"
00000000000000000000_20220926T112121_20220926T112411_T29SNC,-0.21049384819957992,0.02523798544510401,2022-09-26,,"{""type"":""Polygon"",""coordinates"":[[[-8.260275113221228,37.999736828597236],[-8.260016476637192,37.99842137773497],[-8.259766773810266,37.99835895891955],[-8.256244058740004,37.999081329144566],[-8.2560211658702,37.99916161717505],[-8.252244277662427,37.99998649534219],[-8.252538614885793,38.00135103401573],[-8.256346656470892,38.00053944835966],[-8.260275113221228,37.999736828597236]]]}"
00000000000000000000_20221001T112109_20221001T112731_T29SNC,-0.20234664538645772,0.02675147988695596,2022-10-01,,"{""type"":""Polygon"",""coordinates"":[[[-8.260275113221228,37.999736828597236],[-8.260016476637192,37.99842137773497],[-8.259766773810266,37.99835895891955],[-8.256244058740004,37.999081329144566],[-8.2560211658702,37.99916161717505],[-8.252244277662427,37.99998649534219],[-8.252538614885793,38.00135103401573],[-8.256346656470892,38.00053944835966],[-8.260275113221228,37.999736828597236]]]}"
00000000000000000000_20221105T112241_20221105T113015_T29SNC,-0.1010542731808344,0.04114509589036926,2022-11-05,,"{""type"":""Polygon"",""coordinates"":[[[-8.260275113221228,37.999736828597236],[-8.260016476637192,37.99842137773497],[-8.259766773810266,37.99835895891955],[-8.256244058740004,37.999081329144566],[-8.2560211658702,37.99916161717505],[-8.252244277662427,37.99998649534219],[-8.252538614885793,38.00135103401573],[-8.256346656470892,38.00053944835966],[-8.260275113221228,37.999736828597236]]]}"
00000000000000000000_20221110T112209_20221110T112210_T29SNC,-0.12474870143211171,0.044128786825746454,2022-11-10,,"{""type"":""Polygon"",""coordinates"":[[[-8.260275113221228,37.999736828597236],[-8.260016476637192,37.99842137773497],[-8.259766773810266,37.99835895891955],[-8.256244058740004,37.999081329144566],[-8.2560211658702,37.99916161717505],[-8.252244277662427,37.99998649534219],[-8.252538614885793,38.00135103401573],[-8.256346656470892,38.00053944835966],[-8.260275113221228,37.999736828597236]]]}"
00000000000000000000_20221125T112411_20221125T112409_T29SNC,-0.10018289360256082,0.05600703472686904,2022-11-25,,"{""type"":""Polygon"",""coordinates"":[[[-8.260275113221228,37.999736828597236],[-8.260016476637192,37.99842137773497],[-8.259766773810266,37.99835895891955],[-8.256244058740004,37.999081329144566],[-8.2560211658702,37.99916161717505],[-8.252244277662427,37.99998649534219],[-8.252538614885793,38.00135103401573],[-8.256346656470892,38.00053944835966],[-8.260275113221228,37.999736828597236]]]}"
00000000000000000000_20221215T112501_20221215T112456_T29SNC,0.0032142885213498717,0.05776009783152535,2022-12-15,,"{""type"":""Polygon"",""coordinates"":[[[-8.260275113221228,37.999736828597236],[-8.260016476637192,37.99842137773497],[-8.259766773810266,37.99835895891955],[-8.256244058740004,37.999081329144566],[-8.2560211658702,37.99916161717505],[-8.252244277662427,37.99998649534219],[-8.252538614885793,38.00135103401573],[-8.256346656470892,38.00053944835966],[-8.260275113221228,37.999736828597236]]]}"
00000000000000000000_20230104T112451_20230104T112448_T29SNC,0.03767759684743283,0.04752840280070128,2023-01-04,,"{""type"":""Polygon"",""coordinates"":[[[-8.260275113221228,37.999736828597236],[-8.260016476637192,37.99842137773497],[-8.259766773810266,37.99835895891955],[-8.256244058740004,37.999081329144566],[-8.2560211658702,37.99916161717505],[-8.252244277662427,37.99998649534219],[-8.252538614885793,38.00135103401573],[-8.256346656470892,38.00053944835966],[-8.260275113221228,37.999736828597236]]]}"
00000000000000000000_20230124T112341_20230124T112402_T29SNC,0.13019245508296315,0.04766291218254948,2023-01-24,,"{""type"":""Polygon"",""coordinates"":[[[-8.260275113221228,37.999736828597236],[-8.260016476637192,37.99842137773497],[-8.259766773810266,37.99835895891955],[-8.256244058740004,37.999081329144566],[-8.2560211658702,37.99916161717505],[-8.252244277662427,37.99998649534219],[-8.252538614885793,38.00135103401573],[-8.256346656470892,38.00053944835966],[-8.260275113221228,37.999736828597236]]]}"
00000000000000000000_20230129T112229_20230129T112223_T29SNC,0.1356992783916493,0.050485665187202725,2023-01-29,,"{""type"":""Polygon"",""coordinates"":[[[-8.260275113221228,37.999736828597236],[-8.260016476637192,37.99842137773497],[-8.259766773810266,37.99835895891955],[-8.256244058740004,37.999081329144566],[-8.2560211658702,37.99916161717505],[-8.252244277662427,37.99998649534219],[-8.252538614885793,38.00135103401573],[-8.256346656470892,38.00053944835966],[-8.260275113221228,37.999736828597236]]]}"
00000000000000000000_20230203T112301_20230203T113027_T29SNC,0.14717302199770704,0.048145066797745696,2023-02-03,,"{""type"":""Polygon"",""coordinates"":[[[-8.260275113221228,37.999736828597236],[-8.260016476637192,37.99842137773497],[-8.259766773810266,37.99835895891955],[-8.256244058740004,37.999081329144566],[-8.2560211658702,37.99916161717505],[-8.252244277662427,37.99998649534219],[-8.252538614885793,38.00135103401573],[-8.256346656470892,38.00053944835966],[-8.260275113221228,37.999736828597236]]]}"
00000000000000000000_20230223T112111_20230223T112531_T29SNC,0.22369606131689498,0.057994161206976425,2023-02-23,,"{""type"":""Polygon"",""coordinates"":[[[-8.260275113221228,37.999736828597236],[-8.260016476637192,37.99842137773497],[-8.259766773810266,37.99835895891955],[-8.256244058740004,37.999081329144566],[-8.2560211658702,37.99916161717505],[-8.252244277662427,37.99998649534219],[-8.252538614885793,38.00135103401573],[-8.256346656470892,38.00053944835966],[-8.260275113221228,37.999736828597236]]]}"
00000000000000000000_20230315T112111_20230315T112415_T29SNC,0.31436979652009417,0.06723175604320035,2023-03-15,,"{""type"":""Polygon"",""coordinates"":[[[-8.260275113221228,37.999736828597236],[-8.260016476637192,37.99842137773497],[-8.259766773810266,37.99835895891955],[-8.256244058740004,37.999081329144566],[-8.2560211658702,37.99916161717505],[-8.252244277662427,37.99998649534219],[-8.252538614885793,38.00135103401573],[-8.256346656470892,38.00053944835966],[-8.260275113221228,37.999736828597236]]]}"
00000000000000000000_20230320T112119_20230320T112833_T29SNC,0.30679394124224346,0.07145835101789584,2023-03-20,,"{""type"":""Polygon"",""coordinates"":[[[-8.260275113221228,37.999736828597236],[-8.260016476637192,37.99842137773497],[-8.259766773810266,37.99835895891955],[-8.256244058740004,37.999081329144566],[-8.2560211658702,37.99916161717505],[-8.252244277662427,37.99998649534219],[-8.252538614885793,38.00135103401573],[-8.256346656470892,38.00053944835966],[-8.260275113221228,37.999736828597236]]]}"
00000000000000000000_20230325T112111_20230325T112155_T29SNC,0.28053021537254685,0.08197045426449436,2023-03-25,,"{""type"":""Polygon"",""coordinates"":[[[-8.260275113221228,37.999736828597236],[-8.260016476637192,37.99842137773497],[-8.259766773810266,37.99835895891955],[-8.256244058740004,37.999081329144566],[-8.2560211658702,37.99916161717505],[-8.252244277662427,37.99998649534219],[-8.252538614885793,38.00135103401573],[-8.256346656470892,38.00053944835966],[-8.260275113221228,37.999736828597236]]]}"
00000000000000000000_20230330T112119_20230330T113047_T29SNC,0.2513315429949732,0.07404070805630532,2023-03-30,,"{""type"":""Polygon"",""coordinates"":[[[-8.260275113221228,37.999736828597236],[-8.260016476637192,37.99842137773497],[-8.259766773810266,37.99835895891955],[-8.256244058740004,37.999081329144566],[-8.2560211658702,37.99916161717505],[-8.252244277662427,37.99998649534219],[-8.252538614885793,38.00135103401573],[-8.256346656470892,38.00053944835966],[-8.260275113221228,37.999736828597236]]]}"
00000000000000000000_20230409T112119_20230409T112115_T29SNC,0.1258873083209049,0.05400166999482355,2023-04-09,,"{""type"":""Polygon"",""coordinates"":[[[-8.260275113221228,37.999736828597236],[-8.260016476637192,37.99842137773497],[-8.259766773810266,37.99835895891955],[-8.256244058740004,37.999081329144566],[-8.2560211658702,37.99916161717505],[-8.252244277662427,37.99998649534219],[-8.252538614885793,38.00135103401573],[-8.256346656470892,38.00053944835966],[-8.260275113221228,37.999736828597236]]]}"
00000000000000000000_20230414T112111_20230414T112113_T29SNC,0.09429169588453991,0.07030154492562615,2023-04-14,,"{""type"":""Polygon"",""coordinates"":[[[-8.260275113221228,37.999736828597236],[-8.260016476637192,37.99842137773497],[-8.259766773810266,37.99835895891955],[-8.256244058740004,37.999081329144566],[-8.2560211658702,37.99916161717505],[-8.252244277662427,37.99998649534219],[-8.252538614885793,38.00135103401573],[-8.256346656470892,38.00053944835966],[-8.260275113221228,37.999736828597236]]]}"
00000000000000000000_20230419T112119_20230419T112115_T29SNC,-0.022718604739225903,0.034360301083719236,2023-04-19,,"{""type"":""Polygon"",""coordinates"":[[[-8.260275113221228,37.999736828597236],[-8.260016476637192,37.99842137773497],[-8.259766773810266,37.99835895891955],[-8.256244058740004,37.999081329144566],[-8.2560211658702,37.99916161717505],[-8.252244277662427,37.99998649534219],[-8.252538614885793,38.00135103401573],[-8.256346656470892,38.00053944835966],[-8.260275113221228,37.999736828597236]]]}"
00000000000000000000_20230424T112111_20230424T112112_T29SNC,-0.08778359080832562,0.037384035455685756,2023-04-24,,"{""type"":""Polygon"",""coordinates"":[[[-8.260275113221228,37.999736828597236],[-8.260016476637192,37.99842137773497],[-8.259766773810266,37.99835895891955],[-8.256244058740004,37.999081329144566],[-8.2560211658702,37.99916161717505],[-8.252244277662427,37.99998649534219],[-8.252538614885793,38.00135103401573],[-8.256346656470892,38.00053944835966],[-8.260275113221228,37.999736828597236]]]}"
00000000000000000000_20230504T112111_20230504T112113_T29SNC,-0.10685310882833633,0.03343010748557505,2023-05-04,,"{""type"":""Polygon"",""coordinates"":[[[-8.260275113221228,37.999736828597236],[-8.260016476637192,37.99842137773497],[-8.259766773810266,37.99835895891955],[-8.256244058740004,37.999081329144566],[-8.2560211658702,37.99916161717505],[-8.252244277662427,37.99998649534219],[-8.252538614885793,38.00135103401573],[-8.256346656470892,38.00053944835966],[-8.260275113221228,37.999736828597236]]]}"
00000000000000000000_20230514T112111_20230514T112113_T29SNC,-0.11730748234548442,0.02402522715599823,2023-05-14,,"{""type"":""Polygon"",""coordinates"":[[[-8.260275113221228,37.999736828597236],[-8.260016476637192,37.99842137773497],[-8.259766773810266,37.99835895891955],[-8.256244058740004,37.999081329144566],[-8.2560211658702,37.99916161717505],[-8.252244277662427,37.99998649534219],[-8.252538614885793,38.00135103401573],[-8.256346656470892,38.00053944835966],[-8.260275113221228,37.999736828597236]]]}"
00000000000000000000_20230519T112119_20230519T112118_T29SNC,-0.126845235189541,0.023689347887197208,2023-05-19,,"{""type"":""Polygon"",""coordinates"":[[[-8.260275113221228,37.999736828597236],[-8.260016476637192,37.99842137773497],[-8.259766773810266,37.99835895891955],[-8.256244058740004,37.999081329144566],[-8.2560211658702,37.99916161717505],[-8.252244277662427,37.99998649534219],[-8.252538614885793,38.00135103401573],[-8.256346656470892,38.00053944835966],[-8.260275113221228,37.999736828597236]]]}"
00000000000000000000_20230623T112121_20230623T112116_T29SNC,-0.14109568725895136,0.0332772612567184,2023-06-23,,"{""type"":""Polygon"",""coordinates"":[[[-8.260275113221228,37.999736828597236],[-8.260016476637192,37.99842137773497],[-8.259766773810266,37.99835895891955],[-8.256244058740004,37.999081329144566],[-8.2560211658702,37.99916161717505],[-8.252244277662427,37.99998649534219],[-8.252538614885793,38.00135103401573],[-8.256346656470892,38.00053944835966],[-8.260275113221228,37.999736828597236]]]}"
00000000000000000000_20230628T112119_20230628T112118_T29SNC,-0.1320259480617202,0.037156574261666075,2023-06-28,,"{""type"":""Polygon"",""coordinates"":[[[-8.260275113221228,37.999736828597236],[-8.260016476637192,37.99842137773497],[-8.259766773810266,37.99835895891955],[-8.256244058740004,37.999081329144566],[-8.2560211658702,37.99916161717505],[-8.252244277662427,37.99998649534219],[-8.252538614885793,38.00135103401573],[-8.256346656470892,38.00053944835966],[-8.260275113221228,37.999736828597236]]]}"
00000000000000000000_20230703T112121_20230703T112118_T29SNC,-0.13896561689888892,0.03264909315630759,2023-07-03,,"{""type"":""Polygon"",""coordinates"":[[[-8.260275113221228,37.999736828597236],[-8.260016476637192,37.99842137773497],[-8.259766773810266,37.99835895891955],[-8.256244058740004,37.999081329144566],[-8.2560211658702,37.99916161717505],[-8.252244277662427,37.99998649534219],[-8.252538614885793,38.00135103401573],[-8.256346656470892,38.00053944835966],[-8.260275113221228,37.999736828597236]]]}"
00000000000000000000_20230713T112121_20230713T112520_T29SNC,-0.13106445095328198,0.03442101416491529,2023-07-13,,"{""type"":""Polygon"",""coordinates"":[[[-8.260275113221228,37.999736828597236],[-8.260016476637192,37.99842137773497],[-8.259766773810266,37.99835895891955],[-8.256244058740004,37.999081329144566],[-8.2560211658702,37.99916161717505],[-8.252244277662427,37.99998649534219],[-8.252538614885793,38.00135103401573],[-8.256346656470892,38.00053944835966],[-8.260275113221228,37.999736828597236]]]}"
00000000000000000000_20230723T112121_20230723T112117_T29SNC,-0.12721601658724016,0.03236269024018865,2023-07-23,,"{""type"":""Polygon"",""coordinates"":[[[-8.260275113221228,37.999736828597236],[-8.260016476637192,37.99842137773497],[-8.259766773810266,37.99835895891955],[-8.256244058740004,37.999081329144566],[-8.2560211658702,37.99916161717505],[-8.252244277662427,37.99998649534219],[-8.252538614885793,38.00135103401573],[-8.256346656470892,38.00053944835966],[-8.260275113221228,37.999736828597236]]]}"
00000000000000000000_20230728T112119_20230728T112118_T29SNC,-0.1312639143179147,0.03338385882585281,2023-07-28,,"{""type"":""Polygon"",""coordinates"":[[[-8.260275113221228,37.999736828597236],[-8.260016476637192,37.99842137773497],[-8.259766773810266,37.99835895891955],[-8.256244058740004,37.999081329144566],[-8.2560211658702,37.99916161717505],[-8.252244277662427,37.99998649534219],[-8.252538614885793,38.00135103401573],[-8.256346656470892,38.00053944835966],[-8.260275113221228,37.999736828597236]]]}"
00000000000000000000_20230807T112119_20230807T112118_T29SNC,-0.13586828376246302,0.02412927384897395,2023-08-07,,"{""type"":""Polygon"",""coordinates"":[[[-8.260275113221228,37.999736828597236],[-8.260016476637192,37.99842137773497],[-8.259766773810266,37.99835895891955],[-8.256244058740004,37.999081329144566],[-8.2560211658702,37.99916161717505],[-8.252244277662427,37.99998649534219],[-8.252538614885793,38.00135103401573],[-8.256346656470892,38.00053944835966],[-8.260275113221228,37.999736828597236]]]}"
00000000000000000000_20230812T112121_20230812T112234_T29SNC,-0.13755984665843268,0.030338603425314095,2023-08-12,,"{""type"":""Polygon"",""coordinates"":[[[-8.260275113221228,37.999736828597236],[-8.260016476637192,37.99842137773497],[-8.259766773810266,37.99835895891955],[-8.256244058740004,37.999081329144566],[-8.2560211658702,37.99916161717505],[-8.252244277662427,37.99998649534219],[-8.252538614885793,38.00135103401573],[-8.256346656470892,38.00053944835966],[-8.260275113221228,37.999736828597236]]]}"
00000000000000000000_20230817T112119_20230817T112816_T29SNC,-0.13285996483811083,0.030856140893958238,2023-08-17,,"{""type"":""Polygon"",""coordinates"":[[[-8.260275113221228,37.999736828597236],[-8.260016476637192,37.99842137773497],[-8.259766773810266,37.99835895891955],[-8.256244058740004,37.999081329144566],[-8.2560211658702,37.99916161717505],[-8.252244277662427,37.99998649534219],[-8.252538614885793,38.00135103401573],[-8.256346656470892,38.00053944835966],[-8.260275113221228,37.999736828597236]]]}"
00000000000000000000_20230822T112121_20230822T112720_T29SNC,-0.1505132826040505,0.027724049970468293,2023-08-22,,"{""type"":""Polygon"",""coordinates"":[[[-8.260275113221228,37.999736828597236],[-8.260016476637192,37.99842137773497],[-8.259766773810266,37.99835895891955],[-8.256244058740004,37.999081329144566],[-8.2560211658702,37.99916161717505],[-8.252244277662427,37.99998649534219],[-8.252538614885793,38.00135103401573],[-8.256346656470892,38.00053944835966],[-8.260275113221228,37.999736828597236]]]}"
00000000000000000000_20230827T112119_20230827T112117_T29SNC,-0.1246861451642092,0.03069685797846603,2023-08-27,,"{""type"":""Polygon"",""coordinates"":[[[-8.260275113221228,37.999736828597236],[-8.260016476637192,37.99842137773497],[-8.259766773810266,37.99835895891955],[-8.256244058740004,37.999081329144566],[-8.2560211658702,37.99916161717505],[-8.252244277662427,37.99998649534219],[-8.252538614885793,38.00135103401573],[-8.256346656470892,38.00053944835966],[-8.260275113221228,37.999736828597236]]]}"
00000000000000000000_20230901T112121_20230901T112426_T29SNC,-0.14027520168601398,0.03102468796539096,2023-09-01,,"{""type"":""Polygon"",""coordinates"":[[[-8.260275113221228,37.999736828597236],[-8.260016476637192,37.99842137773497],[-8.259766773810266,37.99835895891955],[-8.256244058740004,37.999081329144566],[-8.2560211658702,37.99916161717505],[-8.252244277662427,37.99998649534219],[-8.252538614885793,38.00135103401573],[-8.256346656470892,38.00053944835966],[-8.260275113221228,37.999736828597236]]]}"
00000000000000000000_20230926T112119_20230926T112608_T29SNC,-0.13707942807424872,0.03308451856671665,2023-09-26,,"{""type"":""Polygon"",""coordinates"":[[[-8.260275113221228,37.999736828597236],[-8.260016476637192,37.99842137773497],[-8.259766773810266,37.99835895891955],[-8.256244058740004,37.999081329144566],[-8.2560211658702,37.99916161717505],[-8.252244277662427,37.99998649534219],[-8.252538614885793,38.00135103401573],[-8.256346656470892,38.00053944835966],[-8.260275113221228,37.999736828597236]]]}"
00000000000000000000_20231001T112121_20231001T112716_T29SNC,-0.11837680863443988,0.034473030840624794,2023-10-01,,"{""type"":""Polygon"",""coordinates"":[[[-8.260275113221228,37.999736828597236],[-8.260016476637192,37.99842137773497],[-8.259766773810266,37.99835895891955],[-8.256244058740004,37.999081329144566],[-8.2560211658702,37.99916161717505],[-8.252244277662427,37.99998649534219],[-8.252538614885793,38.00135103401573],[-8.256346656470892,38.00053944835966],[-8.260275113221228,37.999736828597236]]]}"
00000000000000000000_20231006T112119_20231006T112113_T29SNC,-0.1222319696140329,0.031208866742122386,2023-10-06,,"{""type"":""Polygon"",""coordinates"":[[[-8.260275113221228,37.999736828597236],[-8.260016476637192,37.99842137773497],[-8.259766773810266,37.99835895891955],[-8.256244058740004,37.999081329144566],[-8.2560211658702,37.99916161717505],[-8.252244277662427,37.99998649534219],[-8.252538614885793,38.00135103401573],[-8.256346656470892,38.00053944835966],[-8.260275113221228,37.999736828597236]]]}"
00000000000000000000_20231011T112111_20231011T112813_T29SNC,-0.12406204865036165,0.031345239112876004,2023-10-11,,"{""type"":""Polygon"",""coordinates"":[[[-8.260275113221228,37.999736828597236],[-8.260016476637192,37.99842137773497],[-8.259766773810266,37.99835895891955],[-8.256244058740004,37.999081329144566],[-8.2560211658702,37.99916161717505],[-8.252244277662427,37.99998649534219],[-8.252538614885793,38.00135103401573],[-8.256346656470892,38.00053944835966],[-8.260275113221228,37.999736828597236]]]}"
00000000000000000000_20231125T112309_20231125T112312_T29SNC,0.0028315870430580584,0.04758345126050774,2023-11-25,,"{""type"":""Polygon"",""coordinates"":[[[-8.260275113221228,37.999736828597236],[-8.260016476637192,37.99842137773497],[-8.259766773810266,37.99835895891955],[-8.256244058740004,37.999081329144566],[-8.2560211658702,37.99916161717505],[-8.252244277662427,37.99998649534219],[-8.252538614885793,38.00135103401573],[-8.256346656470892,38.00053944835966],[-8.260275113221228,37.999736828597236]]]}"
00000000000000000000_20231230T112501_20231230T112455_T29SNC,0.060210169913342826,0.04819200490520292,2023-12-30,,"{""type"":""Polygon"",""coordinates"":[[[-8.260275113221228,37.999736828597236],[-8.260016476637192,37.99842137773497],[-8.259766773810266,37.99835895891955],[-8.256244058740004,37.999081329144566],[-8.2560211658702,37.99916161717505],[-8.252244277662427,37.99998649534219],[-8.252538614885793,38.00135103401573],[-8.256346656470892,38.00053944835966],[-8.260275113221228,37.999736828597236]]]}"
00000000000000000000_20240124T112249_20240124T112250_T29SNC,0.0835832426429011,0.06303711184820031,2024-01-24,,"{""type"":""Polygon"",""coordinates"":[[[-8.260275113221228,37.999736828597236],[-8.260016476637192,37.99842137773497],[-8.259766773810266,37.99835895891955],[-8.256244058740004,37.999081329144566],[-8.2560211658702,37.99916161717505],[-8.252244277662427,37.99998649534219],[-8.252538614885793,38.00135103401573],[-8.256346656470892,38.00053944835966],[-8.260275113221228,37.999736828597236]]]}"
00000000000000000000_20240203T112159_20240203T112158_T29SNC,0.06158527369488314,0.054975515408931114,2024-02-03,,"{""type"":""Polygon"",""coordinates"":[[[-8.260275113221228,37.999736828597236],[-8.260016476637192,37.99842137773497],[-8.259766773810266,37.99835895891955],[-8.256244058740004,37.999081329144566],[-8.2560211658702,37.99916161717505],[-8.252244277662427,37.99998649534219],[-8.252538614885793,38.00135103401573],[-8.256346656470892,38.00053944835966],[-8.260275113221228,37.999736828597236]]]}"
00000000000000000000_20240228T112111_20240228T112446_T29SNC,0.09158444098740559,0.04565935116050175,2024-02-28,,"{""type"":""Polygon"",""coordinates"":[[[-8.260275113221228,37.999736828597236],[-8.260016476637192,37.99842137773497],[-8.259766773810266,37.99835895891955],[-8.256244058740004,37.999081329144566],[-8.2560211658702,37.99916161717505],[-8.252244277662427,37.99998649534219],[-8.252538614885793,38.00135103401573],[-8.256346656470892,38.00053944835966],[-8.260275113221228,37.999736828597236]]]}"
00000000000000000000_20240413T112119_20240413T112113_T29SNC,0.07101426020483306,0.03848036431890477,2024-04-13,,"{""type"":""Polygon"",""coordinates"":[[[-8.260275113221228,37.999736828597236],[-8.260016476637192,37.99842137773497],[-8.259766773810266,37.99835895891955],[-8.256244058740004,37.999081329144566],[-8.2560211658702,37.99916161717505],[-8.252244277662427,37.99998649534219],[-8.252538614885793,38.00135103401573],[-8.256346656470892,38.00053944835966],[-8.260275113221228,37.999736828597236]]]}"
00000000000000000000_20240418T112121_20240418T112116_T29SNC,0.07772072825756718,0.03617915260355196,2024-04-18,,"{""type"":""Polygon"",""coordinates"":[[[-8.260275113221228,37.999736828597236],[-8.260016476637192,37.99842137773497],[-8.259766773810266,37.99835895891955],[-8.256244058740004,37.999081329144566],[-8.2560211658702,37.99916161717505],[-8.252244277662427,37.99998649534219],[-8.252538614885793,38.00135103401573],[-8.256346656470892,38.00053944835966],[-8.260275113221228,37.999736828597236]]]}"
00000000000000000000_20240423T112109_20240423T112112_T29SNC,0.09522154469355777,0.036880789268807425,2024-04-23,,"{""type"":""Polygon"",""coordinates"":[[[-8.260275113221228,37.999736828597236],[-8.260016476637192,37.99842137773497],[-8.259766773810266,37.99835895891955],[-8.256244058740004,37.999081329144566],[-8.2560211658702,37.99916161717505],[-8.252244277662427,37.99998649534219],[-8.252538614885793,38.00135103401573],[-8.256346656470892,38.00053944835966],[-8.260275113221228,37.999736828597236]]]}"
00000000000000000000_20240528T112121_20240528T113016_T29SNC,-0.12021268604721803,0.023416981049258493,2024-05-28,,"{""type"":""Polygon"",""coordinates"":[[[-8.260275113221228,37.999736828597236],[-8.260016476637192,37.99842137773497],[-8.259766773810266,37.99835895891955],[-8.256244058740004,37.999081329144566],[-8.2560211658702,37.99916161717505],[-8.252244277662427,37.99998649534219],[-8.252538614885793,38.00135103401573],[-8.256346656470892,38.00053944835966],[-8.260275113221228,37.999736828597236]]]}"
00000000000000000000_20240602T112119_20240602T112114_T29SNC,-0.13117644866224634,0.021583386312859876,2024-06-02,,"{""type"":""Polygon"",""coordinates"":[[[-8.260275113221228,37.999736828597236],[-8.260016476637192,37.99842137773497],[-8.259766773810266,37.99835895891955],[-8.256244058740004,37.999081329144566],[-8.2560211658702,37.99916161717505],[-8.252244277662427,37.99998649534219],[-8.252538614885793,38.00135103401573],[-8.256346656470892,38.00053944835966],[-8.260275113221228,37.999736828597236]]]}"
00000000000000000000_20240612T112119_20240612T112116_T29SNC,-0.11377148936549475,0.02360159804708672,2024-06-12,,"{""type"":""Polygon"",""coordinates"":[[[-8.260275113221228,37.999736828597236],[-8.260016476637192,37.99842137773497],[-8.259766773810266,37.99835895891955],[-8.256244058740004,37.999081329144566],[-8.2560211658702,37.99916161717505],[-8.252244277662427,37.99998649534219],[-8.252538614885793,38.00135103401573],[-8.256346656470892,38.00053944835966],[-8.260275113221228,37.999736828597236]]]}"
00000000000000000000_20240617T112121_20240617T112119_T29SNC,-0.1214397892429356,0.023204411819166954,2024-06-17,,"{""type"":""Polygon"",""coordinates"":[[[-8.260275113221228,37.999736828597236],[-8.260016476637192,37.99842137773497],[-8.259766773810266,37.99835895891955],[-8.256244058740004,37.999081329144566],[-8.2560211658702,37.99916161717505],[-8.252244277662427,37.99998649534219],[-8.252538614885793,38.00135103401573],[-8.256346656470892,38.00053944835966],[-8.260275113221228,37.999736828597236]]]}"
00000000000000000000_20240622T112119_20240622T112115_T29SNC,-0.12162712430498748,0.026559300279070355,2024-06-22,,"{""type"":""Polygon"",""coordinates"":[[[-8.260275113221228,37.999736828597236],[-8.260016476637192,37.99842137773497],[-8.259766773810266,37.99835895891955],[-8.256244058740004,37.999081329144566],[-8.2560211658702,37.99916161717505],[-8.252244277662427,37.99998649534219],[-8.252538614885793,38.00135103401573],[-8.256346656470892,38.00053944835966],[-8.260275113221228,37.999736828597236]]]}"
00000000000000000000_20240702T112119_20240702T112818_T29SNC,-0.12217402132811221,0.02858026033735916,2024-07-02,,"{""type"":""Polygon"",""coordinates"":[[[-8.260275113221228,37.999736828597236],[-8.260016476637192,37.99842137773497],[-8.259766773810266,37.99835895891955],[-8.256244058740004,37.999081329144566],[-8.2560211658702,37.99916161717505],[-8.252244277662427,37.99998649534219],[-8.252538614885793,38.00135103401573],[-8.256346656470892,38.00053944835966],[-8.260275113221228,37.999736828597236]]]}"
00000000000000000000_20240707T112121_20240707T112127_T29SNC,-0.1028897398966843,0.029596366162643828,2024-07-07,,"{""type"":""Polygon"",""coordinates"":[[[-8.260275113221228,37.999736828597236],[-8.260016476637192,37.99842137773497],[-8.259766773810266,37.99835895891955],[-8.256244058740004,37.999081329144566],[-8.2560211658702,37.99916161717505],[-8.252244277662427,37.99998649534219],[-8.252538614885793,38.00135103401573],[-8.256346656470892,38.00053944835966],[-8.260275113221228,37.999736828597236]]]}"
00000000000000000000_20240712T112119_20240712T112741_T29SNC,-0.10566922526015167,0.029221618218761528,2024-07-12,,"{""type"":""Polygon"",""coordinates"":[[[-8.260275113221228,37.999736828597236],[-8.260016476637192,37.99842137773497],[-8.259766773810266,37.99835895891955],[-8.256244058740004,37.999081329144566],[-8.2560211658702,37.99916161717505],[-8.252244277662427,37.99998649534219],[-8.252538614885793,38.00135103401573],[-8.256346656470892,38.00053944835966],[-8.260275113221228,37.999736828597236]]]}"
00000000000000000000_20240717T112111_20240717T112128_T29SNC,-0.10642904813171325,0.029483477269226944,2024-07-17,,"{""type"":""Polygon"",""coordinates"":[[[-8.260275113221228,37.999736828597236],[-8.260016476637192,37.99842137773497],[-8.259766773810266,37.99835895891955],[-8.256244058740004,37.999081329144566],[-8.2560211658702,37.99916161717505],[-8.252244277662427,37.99998649534219],[-8.252538614885793,38.00135103401573],[-8.256346656470892,38.00053944835966],[-8.260275113221228,37.999736828597236]]]}"
00000000000000000000_20240722T112119_20240722T112337_T29SNC,-0.11344627702155811,0.029559952852792316,2024-07-22,,"{""type"":""Polygon"",""coordinates"":[[[-8.260275113221228,37.999736828597236],[-8.260016476637192,37.99842137773497],[-8.259766773810266,37.99835895891955],[-8.256244058740004,37.999081329144566],[-8.2560211658702,37.99916161717505],[-8.252244277662427,37.99998649534219],[-8.252538614885793,38.00135103401573],[-8.256346656470892,38.00053944835966],[-8.260275113221228,37.999736828597236]]]}"
00000000000000000000_20240727T112121_20240727T112908_T29SNC,-0.11764113263657582,0.030299933010416336,2024-07-27,,"{""type"":""Polygon"",""coordinates"":[[[-8.260275113221228,37.999736828597236],[-8.260016476637192,37.99842137773497],[-8.259766773810266,37.99835895891955],[-8.256244058740004,37.999081329144566],[-8.2560211658702,37.99916161717505],[-8.252244277662427,37.99998649534219],[-8.252538614885793,38.00135103401573],[-8.256346656470892,38.00053944835966],[-8.260275113221228,37.999736828597236]]]}"
00000000000000000000_20240801T112119_20240801T112113_T29SNC,-0.10276458165632804,0.03165867579543371,2024-08-01,,"{""type"":""Polygon"",""coordinates"":[[[-8.260275113221228,37.999736828597236],[-8.260016476637192,37.99842137773497],[-8.259766773810266,37.99835895891955],[-8.256244058740004,37.999081329144566],[-8.2560211658702,37.99916161717505],[-8.252244277662427,37.99998649534219],[-8.252538614885793,38.00135103401573],[-8.256346656470892,38.00053944835966],[-8.260275113221228,37.999736828597236]]]}"
00000000000000000000_20240806T112111_20240806T112425_T29SNC,-0.11212410732229038,0.027860526001272427,2024-08-06,,"{""type"":""Polygon"",""coordinates"":[[[-8.260275113221228,37.999736828597236],[-8.260016476637192,37.99842137773497],[-8.259766773810266,37.99835895891955],[-8.256244058740004,37.999081329144566],[-8.2560211658702,37.99916161717505],[-8.252244277662427,37.99998649534219],[-8.252538614885793,38.00135103401573],[-8.256346656470892,38.00053944835966],[-8.260275113221228,37.999736828597236]]]}"
00000000000000000000_20240811T112119_20240811T112121_T29SNC,-0.11929202337034256,0.025902444517501247,2024-08-11,,"{""type"":""Polygon"",""coordinates"":[[[-8.260275113221228,37.999736828597236],[-8.260016476637192,37.99842137773497],[-8.259766773810266,37.99835895891955],[-8.256244058740004,37.999081329144566],[-8.2560211658702,37.99916161717505],[-8.252244277662427,37.99998649534219],[-8.252538614885793,38.00135103401573],[-8.256346656470892,38.00053944835966],[-8.260275113221228,37.999736828597236]]]}"
00000000000000000000_20240816T112111_20240816T112845_T29SNC,-0.10157434266868355,0.029267921229882726,2024-08-16,,"{""type"":""Polygon"",""coordinates"":[[[-8.260275113221228,37.999736828597236],[-8.260016476637192,37.99842137773497],[-8.259766773810266,37.99835895891955],[-8.256244058740004,37.999081329144566],[-8.2560211658702,37.99916161717505],[-8.252244277662427,37.99998649534219],[-8.252538614885793,38.00135103401573],[-8.256346656470892,38.00053944835966],[-8.260275113221228,37.999736828597236]]]}"
00000000000000000000_20240821T112119_20240821T113014_T29SNC,-0.11050019080479255,0.02829997165926936,2024-08-21,,"{""type"":""Polygon"",""coordinates"":[[[-8.260275113221228,37.999736828597236],[-8.260016476637192,37.99842137773497],[-8.259766773810266,37.99835895891955],[-8.256244058740004,37.999081329144566],[-8.2560211658702,37.99916161717505],[-8.252244277662427,37.99998649534219],[-8.252538614885793,38.00135103401573],[-8.256346656470892,38.00053944835966],[-8.260275113221228,37.999736828597236]]]}"
00000000000000000000_20240910T112119_20240910T112935_T29SNC,-0.09594431697635986,0.027761794414117757,2024-09-10,,"{""type"":""Polygon"",""coordinates"":[[[-8.260275113221228,37.999736828597236],[-8.260016476637192,37.99842137773497],[-8.259766773810266,37.99835895891955],[-8.256244058740004,37.999081329144566],[-8.2560211658702,37.99916161717505],[-8.252244277662427,37.99998649534219],[-8.252538614885793,38.00135103401573],[-8.256346656470892,38.00053944835966],[-8.260275113221228,37.999736828597236]]]}"
00000000000000000000_20240915T112111_20240915T112112_T29SNC,-0.09292075633892657,0.028255839194423395,2024-09-15,,"{""type"":""Polygon"",""coordinates"":[[[-8.260275113221228,37.999736828597236],[-8.260016476637192,37.99842137773497],[-8.259766773810266,37.99835895891955],[-8.256244058740004,37.999081329144566],[-8.2560211658702,37.99916161717505],[-8.252244277662427,37.99998649534219],[-8.252538614885793,38.00135103401573],[-8.256346656470892,38.00053944835966],[-8.260275113221228,37.999736828597236]]]}"
00000000000000000000_20240930T112119_20240930T112114_T29SNC,-0.10769822803735112,0.0322063853696924,2024-09-30,,"{""type"":""Polygon"",""coordinates"":[[[-8.260275113221228,37.999736828597236],[-8.260016476637192,37.99842137773497],[-8.259766773810266,37.99835895891955],[-8.256244058740004,37.999081329144566],[-8.2560211658702,37.99916161717505],[-8.252244277662427,37.99998649534219],[-8.252538614885793,38.00135103401573],[-8.256346656470892,38.00053944835966],[-8.260275113221228,37.999736828597236]]]}"
00000000000000000000_20241119T112259_20241119T112256_T29SNC,0.02029168369545631,0.011216788489956853,2024-11-19,,"{""type"":""Polygon"",""coordinates"":[[[-8.260275113221228,37.999736828597236],[-8.260016476637192,37.99842137773497],[-8.259766773810266,37.99835895891955],[-8.256244058740004,37.999081329144566],[-8.2560211658702,37.99916161717505],[-8.252244277662427,37.99998649534219],[-8.252538614885793,38.00135103401573],[-8.256346656470892,38.00053944835966],[-8.260275113221228,37.999736828597236]]]}"
00000000000000000000_20241209T112359_20241209T112443_T29SNC,0.09764825169768221,0.0760740182084805,2024-12-09,,"{""type"":""Polygon"",""coordinates"":[[[-8.260275113221228,37.999736828597236],[-8.260016476637192,37.99842137773497],[-8.259766773810266,37.99835895891955],[-8.256244058740004,37.999081329144566],[-8.2560211658702,37.99916161717505],[-8.252244277662427,37.99998649534219],[-8.252538614885793,38.00135103401573],[-8.256346656470892,38.00053944835966],[-8.260275113221228,37.999736828597236]]]}"
00000000000000000000_20241224T112501_20241224T112502_T29SNC,0.10816434718898207,0.08621338949008212,2024-12-24,,"{""type"":""Polygon"",""coordinates"":[[[-8.260275113221228,37.999736828597236],[-8.260016476637192,37.99842137773497],[-8.259766773810266,37.99835895891955],[-8.256244058740004,37.999081329144566],[-8.2560211658702,37.99916161717505],[-8.252244277662427,37.99998649534219],[-8.252538614885793,38.00135103401573],[-8.256346656470892,38.00053944835966],[-8.260275113221228,37.999736828597236]]]}"
00000000000000000000_20241229T112409_20241229T112722_T29SNC,0.11979769775518218,0.08941408096824764,2024-12-29,,"{""type"":""Polygon"",""coordinates"":[[[-8.260275113221228,37.999736828597236],[-8.260016476637192,37.99842137773497],[-8.259766773810266,37.99835895891955],[-8.256244058740004,37.999081329144566],[-8.2560211658702,37.99916161717505],[-8.252244277662427,37.99998649534219],[-8.252538614885793,38.00135103401573],[-8.256346656470892,38.00053944835966],[-8.260275113221228,37.999736828597236]]]}"
